GeneId,Prediction
1,0.3701702952384949
2,0.4384753108024597
3,0.9430326223373413
4,0.08794396370649338
5,0.09087614715099335
6,0.9126541614532471
7,0.04391774907708168
8,0.04300931841135025
9,0.9338998794555664
10,0.03843715786933899
11,0.8510461449623108
12,0.8225868940353394
13,0.04393360763788223
14,0.7654744982719421
15,0.8518844246864319
16,0.9484004974365234
17,0.6846536993980408
18,0.9558106064796448
19,0.9657065272331238
20,0.5077776312828064
21,0.8077589273452759
22,0.18106406927108765
23,0.9136168360710144
24,0.04773709923028946
25,0.06499356031417847
26,0.9562302231788635
27,0.03995726630091667
28,0.22946035861968994
29,0.21269048750400543
30,0.972095787525177
31,0.8648496866226196
32,0.0726509690284729
33,0.06063924357295036
34,0.961811363697052
35,0.651969313621521
36,0.13016438484191895
37,0.14511922001838684
38,0.12024175375699997
39,0.4471146762371063
40,0.037992145866155624
41,0.9009926915168762
42,0.42672544717788696
43,0.918552815914154
44,0.8505175113677979
45,0.968465268611908
46,0.9628567099571228
47,0.8175784945487976
48,0.8008055090904236
49,0.9594413638114929
50,0.1750844120979309
51,0.9699887037277222
52,0.427345871925354
53,0.9105631709098816
54,0.9673526287078857
55,0.9730284810066223
56,0.9729989171028137
57,0.04168177768588066
58,0.43879982829093933
59,0.8449434638023376
60,0.8836291432380676
61,0.6849690079689026
62,0.07187187671661377
63,0.5991227030754089
64,0.8232858180999756
65,0.12160608917474747
66,0.23676154017448425
67,0.8476760387420654
68,0.10523099452257156
69,0.8587329983711243
70,0.9353151917457581
71,0.03940315544605255
72,0.22109903395175934
73,0.04046700894832611
74,0.842050313949585
75,0.10579432547092438
76,0.09511344879865646
77,0.1601434350013733
78,0.9279661774635315
79,0.791919469833374
80,0.846383273601532
81,0.9625856876373291
82,0.09319744259119034
83,0.9389313459396362
84,0.9614455699920654
85,0.9492393136024475
86,0.9663292765617371
87,0.9495077729225159
88,0.039056070148944855
89,0.9298741817474365
90,0.0389731228351593
91,0.9604606032371521
92,0.20964111387729645
93,0.10263372212648392
94,0.5802474021911621
95,0.9428725838661194
96,0.957963764667511
97,0.3015487492084503
98,0.9484060406684875
99,0.4160325825214386
100,0.559542179107666
101,0.945065975189209
102,0.9283186197280884
103,0.9419574737548828
104,0.8152714967727661
105,0.19298455119132996
106,0.9399939775466919
107,0.9383875727653503
108,0.9611901044845581
109,0.9416760206222534
110,0.49168694019317627
111,0.04186281934380531
112,0.9104197025299072
113,0.9403208494186401
114,0.9324225187301636
115,0.9333860278129578
116,0.09849000722169876
117,0.8189561367034912
118,0.9037787914276123
119,0.037590596824884415
120,0.8737235069274902
121,0.039674870669841766
122,0.8742037415504456
123,0.05209619179368019
124,0.9282135367393494
125,0.8700944185256958
126,0.8340274691581726
127,0.5578197836875916
128,0.04263961687684059
129,0.9434967637062073
130,0.9351504445075989
131,0.0445801243185997
132,0.18564395606517792
133,0.9658145308494568
134,0.06155024468898773
135,0.03732728958129883
136,0.4219587743282318
137,0.9571436643600464
138,0.9466812610626221
139,0.42236194014549255
140,0.07339656352996826
141,0.9400951266288757
142,0.9614225625991821
143,0.2345982939004898
144,0.10290366411209106
145,0.9052963256835938
146,0.8097127676010132
147,0.8118920922279358
148,0.8120237588882446
149,0.8217183351516724
150,0.7047652006149292
151,0.947450578212738
152,0.04882743954658508
153,0.8303835988044739
154,0.8121590614318848
155,0.1246395856142044
156,0.8432332873344421
157,0.957693874835968
158,0.969073474407196
159,0.9219769239425659
160,0.9732158780097961
161,0.09566956758499146
162,0.9598324298858643
163,0.9587944746017456
164,0.09493110328912735
165,0.9629110097885132
166,0.04626655951142311
167,0.9581342339515686
168,0.8060232400894165
169,0.22859255969524384
170,0.812114953994751
171,0.07074358314275742
172,0.05699114501476288
173,0.3537605404853821
174,0.9683229923248291
175,0.8730908632278442
176,0.9188883304595947
177,0.9605759382247925
178,0.7617348432540894
179,0.110417939722538
180,0.04377784952521324
181,0.26857760548591614
182,0.04114252328872681
183,0.8679293990135193
184,0.8636837005615234
185,0.8250035643577576
186,0.8952663540840149
187,0.9610885977745056
188,0.9574141502380371
189,0.9626984000205994
190,0.9619973301887512
191,0.4959458112716675
192,0.9361528158187866
193,0.13192899525165558
194,0.04861089959740639
195,0.9223793745040894
196,0.6563341021537781
197,0.35477739572525024
198,0.933887779712677
199,0.34282201528549194
200,0.4885859191417694
201,0.8145038485527039
202,0.04438396915793419
203,0.07059143483638763
204,0.04444019868969917
205,0.102983757853508
206,0.9629172682762146
207,0.941964328289032
208,0.9654254913330078
209,0.3451929986476898
210,0.9476460218429565
211,0.08552216738462448
212,0.04449087008833885
213,0.9557530283927917
214,0.9627239108085632
215,0.8789222240447998
216,0.11905181407928467
217,0.16096548736095428
218,0.24829259514808655
219,0.33112382888793945
220,0.21695539355278015
221,0.5970943570137024
222,0.9665688276290894
223,0.9605164527893066
224,0.6687064170837402
225,0.0868215262889862
226,0.9265930652618408
227,0.7691114544868469
228,0.09625226259231567
229,0.03722187504172325
230,0.05163578689098358
231,0.9371237754821777
232,0.04472005367279053
233,0.9629643559455872
234,0.04645637422800064
235,0.9133239388465881
236,0.17750318348407745
237,0.09593373537063599
238,0.8046849370002747
239,0.6407858729362488
240,0.04794975742697716
241,0.060617007315158844
242,0.9475200176239014
243,0.8734009861946106
244,0.946609377861023
245,0.8546115756034851
246,0.9646496772766113
247,0.9102014899253845
248,0.9623833894729614
249,0.8085201978683472
250,0.9685478210449219
251,0.8734992146492004
252,0.07245510071516037
253,0.058526910841464996
254,0.0559440515935421
255,0.9428211450576782
256,0.05480370670557022
257,0.9679421782493591
258,0.4085846543312073
259,0.8276898860931396
260,0.9599997997283936
261,0.136064350605011
262,0.9204159379005432
263,0.9397132992744446
264,0.9367700219154358
265,0.23686973750591278
266,0.9330338835716248
267,0.9247118830680847
268,0.08767068386077881
269,0.9345174431800842
270,0.042244020849466324
271,0.803045928478241
272,0.06620451807975769
273,0.8194892406463623
274,0.9598177075386047
275,0.033972982317209244
276,0.9713566899299622
277,0.21084533631801605
278,0.9224951267242432
279,0.9399546384811401
280,0.0389021672308445
281,0.9341170191764832
282,0.3688430190086365
283,0.04489688202738762
284,0.48431891202926636
285,0.9665663242340088
286,0.95958012342453
287,0.3577909469604492
288,0.08626527339220047
289,0.03926919028162956
290,0.04219592735171318
291,0.051883626729249954
292,0.940342366695404
293,0.039862651377916336
294,0.07514635473489761
295,0.06468649953603745
296,0.9570822715759277
297,0.9608302116394043
298,0.5844325423240662
299,0.9700936079025269
300,0.859664261341095
301,0.0625014528632164
302,0.9686083197593689
303,0.8416986465454102
304,0.5195164084434509
305,0.37012913823127747
306,0.0597638301551342
307,0.9474877119064331
308,0.9600065350532532
309,0.7024945616722107
310,0.20665888488292694
311,0.9677461981773376
312,0.9169637560844421
313,0.9458014369010925
314,0.09443510323762894
315,0.08724112063646317
316,0.8077552914619446
317,0.9412913918495178
318,0.9596906304359436
319,0.943385124206543
320,0.08285584300756454
321,0.9093821048736572
322,0.8498348593711853
323,0.6165444850921631
324,0.7316321134567261
325,0.8123454451560974
326,0.957275390625
327,0.05146249756217003
328,0.9141789078712463
329,0.8117634654045105
330,0.9617581963539124
331,0.8446120023727417
332,0.9426550269126892
333,0.0902898833155632
334,0.04704675078392029
335,0.08896462619304657
336,0.9600571393966675
337,0.9291408658027649
338,0.9475069642066956
339,0.6021192669868469
340,0.5612973570823669
341,0.9704013466835022
342,0.42923077940940857
343,0.13915860652923584
344,0.4038721024990082
345,0.9596536755561829
346,0.9377759099006653
347,0.874829113483429
348,0.04119950905442238
349,0.11602477729320526
350,0.9127755165100098
351,0.054594799876213074
352,0.7703640460968018
353,0.810581624507904
354,0.9616199731826782
355,0.44276052713394165
356,0.10614782571792603
357,0.5436153411865234
358,0.9576200246810913
359,0.9069494605064392
360,0.9661772847175598
361,0.5991371273994446
362,0.9702206254005432
363,0.06161095201969147
364,0.42966291308403015
365,0.05248855799436569
366,0.9441612362861633
367,0.9700314402580261
368,0.04680457338690758
369,0.19615259766578674
370,0.41077470779418945
371,0.8565852642059326
372,0.14148356020450592
373,0.06254583597183228
374,0.9674426317214966
375,0.3508291244506836
376,0.36983755230903625
377,0.9640443921089172
378,0.19393017888069153
379,0.05912608280777931
380,0.03809002786874771
381,0.9458014369010925
382,0.23459947109222412
383,0.08641780912876129
384,0.056366682052612305
385,0.9283186197280884
386,0.08537344634532928
387,0.9672636985778809
388,0.8803032040596008
389,0.7000076174736023
390,0.6930003762245178
391,0.9364748001098633
392,0.944175660610199
393,0.8161805272102356
394,0.053276702761650085
395,0.1152772605419159
396,0.957632303237915
397,0.9065619111061096
398,0.6516529321670532
399,0.9707491993904114
400,0.9723259806632996
401,0.9605164527893066
402,0.9507036805152893
403,0.8937327861785889
404,0.2658388912677765
405,0.5728611350059509
406,0.9668078422546387
407,0.961268961429596
408,0.3561946153640747
409,0.9706018567085266
410,0.9683116674423218
411,0.35420727729797363
412,0.8558322787284851
413,0.05459018424153328
414,0.045116011053323746
415,0.47205713391304016
416,0.9604429006576538
417,0.4905623197555542
418,0.04088328778743744
419,0.970142662525177
420,0.6428059935569763
421,0.06633590906858444
422,0.05384717881679535
423,0.9398975372314453
424,0.5726323127746582
425,0.21520166099071503
426,0.10800851136445999
427,0.04536869749426842
428,0.9614132046699524
429,0.10739675909280777
430,0.9480328559875488
431,0.4962942600250244
432,0.9537915587425232
433,0.9409326314926147
434,0.9597283005714417
435,0.3446507155895233
436,0.9401652216911316
437,0.8821791410446167
438,0.5726038217544556
439,0.9595794677734375
440,0.0643061175942421
441,0.11032059788703918
442,0.9159519076347351
443,0.9699276089668274
444,0.9635529518127441
445,0.8924617171287537
446,0.0927540510892868
447,0.931681752204895
448,0.9662222266197205
449,0.7949631810188293
450,0.9130752682685852
451,0.10470474511384964
452,0.3728097379207611
453,0.9622215628623962
454,0.050722695887088776
455,0.9481955170631409
456,0.8446274995803833
457,0.9568196535110474
458,0.9066674709320068
459,0.9468376040458679
460,0.6944343447685242
461,0.22297735512256622
462,0.06391346454620361
463,0.04225219041109085
464,0.8168686628341675
465,0.9471464157104492
466,0.8788339495658875
467,0.6135526299476624
468,0.08418334275484085
469,0.9415019154548645
470,0.9703177809715271
471,0.8445069789886475
472,0.5216862559318542
473,0.9412108063697815
474,0.03991180658340454
475,0.2578880786895752
476,0.9643465876579285
477,0.052540913224220276
478,0.09834081679582596
479,0.05929771810770035
480,0.28125011920928955
481,0.04752476140856743
482,0.9227017164230347
483,0.04289168119430542
484,0.9370092153549194
485,0.11183648556470871
486,0.9271703362464905
487,0.6887081861495972
488,0.16493606567382812
489,0.9270753860473633
490,0.9388949871063232
491,0.22059373557567596
492,0.21098527312278748
493,0.9411991834640503
494,0.96123868227005
495,0.9401658177375793
496,0.0888860672712326
497,0.9325456619262695
498,0.04752538725733757
499,0.8410564064979553
500,0.9682424068450928
501,0.9605164527893066
502,0.10364917665719986
503,0.5045664310455322
504,0.04773086681962013
505,0.9693025350570679
506,0.13253730535507202
507,0.18344736099243164
508,0.94118732213974
509,0.9425690174102783
510,0.08930085599422455
511,0.938078761100769
512,0.18740946054458618
513,0.6374982595443726
514,0.06201302632689476
515,0.03983897343277931
516,0.9638988375663757
517,0.9671697020530701
518,0.3717842400074005
519,0.9044621586799622
520,0.08835884928703308
521,0.7250548601150513
522,0.10002559423446655
523,0.9693546295166016
524,0.9701330065727234
525,0.9673526287078857
526,0.8583417534828186
527,0.36181461811065674
528,0.9606898427009583
529,0.7920640110969543
530,0.06333919614553452
531,0.9026502966880798
532,0.814914882183075
533,0.8633352518081665
534,0.06260770559310913
535,0.9682195782661438
536,0.9560123682022095
537,0.9707387685775757
538,0.09433741867542267
539,0.9611114859580994
540,0.6509995460510254
541,0.039658185094594955
542,0.7277750968933105
543,0.04626953974366188
544,0.6138798594474792
545,0.058323249220848083
546,0.9399692416191101
547,0.9585918188095093
548,0.2570796310901642
549,0.9662254452705383
550,0.21217069029808044
551,0.8735491633415222
552,0.04676847532391548
553,0.042442742735147476
554,0.74861079454422
555,0.7130966186523438
556,0.9329671263694763
557,0.43252620100975037
558,0.09314239025115967
559,0.9613692164421082
560,0.961965799331665
561,0.9472872018814087
562,0.9650236368179321
563,0.8188797235488892
564,0.36831921339035034
565,0.8562120199203491
566,0.9463123679161072
567,0.6619365215301514
568,0.944827139377594
569,0.9564323425292969
570,0.10022107511758804
571,0.8411674499511719
572,0.5419136881828308
573,0.0457695871591568
574,0.053803518414497375
575,0.054345354437828064
576,0.9350401759147644
577,0.9719512462615967
578,0.9701716899871826
579,0.7335038185119629
580,0.5069096684455872
581,0.03996795043349266
582,0.9325423240661621
583,0.970374584197998
584,0.5977914929389954
585,0.047508616000413895
586,0.04760667681694031
587,0.17325414717197418
588,0.9045887589454651
589,0.970318615436554
590,0.9458847045898438
591,0.06176268681883812
592,0.7910245656967163
593,0.3656049072742462
594,0.904861569404602
595,0.037363339215517044
596,0.2654878497123718
597,0.8069069385528564
598,0.8399123549461365
599,0.935095489025116
600,0.8412296175956726
601,0.969813883304596
602,0.9724613428115845
603,0.8279460072517395
604,0.22223858535289764
605,0.9692811965942383
606,0.6375648975372314
607,0.9599423408508301
608,0.04870978370308876
609,0.7033031582832336
610,0.9547728896141052
611,0.9471439719200134
612,0.04838453605771065
613,0.8293711543083191
614,0.932334840297699
615,0.08069237321615219
616,0.05817454308271408
617,0.03954607620835304
618,0.04153710976243019
619,0.040946003049612045
620,0.8894925713539124
621,0.10172805935144424
622,0.86525559425354
623,0.56883305311203
624,0.07180744409561157
625,0.051795653998851776
626,0.03615439683198929
627,0.9351615905761719
628,0.8574674725532532
629,0.9347321391105652
630,0.05732089281082153
631,0.9399677515029907
632,0.7145145535469055
633,0.9133205413818359
634,0.052979618310928345
635,0.4014473557472229
636,0.959969699382782
637,0.89218670129776
638,0.08024892956018448
639,0.05132509395480156
640,0.9490657448768616
641,0.9673526287078857
642,0.8935582041740417
643,0.07360409200191498
644,0.5021944046020508
645,0.9647518396377563
646,0.9444924592971802
647,0.043579187244176865
648,0.03790734335780144
649,0.1247677356004715
650,0.828774631023407
651,0.935552179813385
652,0.20864813029766083
653,0.969150722026825
654,0.04493754357099533
655,0.9283355474472046
656,0.03681276738643646
657,0.8418391346931458
658,0.9701724648475647
659,0.3775537312030792
660,0.8487837314605713
661,0.5877548456192017
662,0.8302106857299805
663,0.9629101157188416
664,0.16562685370445251
665,0.9376395344734192
666,0.8152042031288147
667,0.3077908754348755
668,0.0564611554145813
669,0.8394396901130676
670,0.2120637148618698
671,0.9328373670578003
672,0.29470527172088623
673,0.8514406085014343
674,0.9088284373283386
675,0.9420777559280396
676,0.9355506300926208
677,0.9335611462593079
678,0.8784330487251282
679,0.9240292310714722
680,0.8469113707542419
681,0.052540913224220276
682,0.1773160994052887
683,0.9660677909851074
684,0.844992995262146
685,0.9655218124389648
686,0.28665149211883545
687,0.7133235931396484
688,0.87431800365448
689,0.9472874402999878
690,0.9095073342323303
691,0.4338206648826599
692,0.7750388979911804
693,0.9362778663635254
694,0.04382574185729027
695,0.9681450724601746
696,0.9387375116348267
697,0.804933488368988
698,0.9114087820053101
699,0.921912670135498
700,0.9415192604064941
701,0.04849271476268768
702,0.9253376722335815
703,0.8094353079795837
704,0.7192720174789429
705,0.9678120613098145
706,0.04924996942281723
707,0.053653039038181305
708,0.8820489048957825
709,0.43329012393951416
710,0.3522045612335205
711,0.05492768436670303
712,0.05037737637758255
713,0.07081805169582367
714,0.09191139787435532
715,0.9063572287559509
716,0.9256611466407776
717,0.9208528995513916
718,0.23192134499549866
719,0.8565656542778015
720,0.9636197686195374
721,0.4356909990310669
722,0.9682935476303101
723,0.08596185594797134
724,0.1290077567100525
725,0.871104896068573
726,0.9138468503952026
727,0.9363671541213989
728,0.41117262840270996
729,0.4416017532348633
730,0.9612135887145996
731,0.959939181804657
732,0.878338634967804
733,0.5875954031944275
734,0.07786919921636581
735,0.5928073525428772
736,0.6256820559501648
737,0.9412747025489807
738,0.35010096430778503
739,0.04264939948916435
740,0.9074839949607849
741,0.4871193468570709
742,0.8343362808227539
743,0.16859687864780426
744,0.04771105945110321
745,0.06730113923549652
746,0.9031964540481567
747,0.9557338356971741
748,0.2421099990606308
749,0.12150787562131882
750,0.9618037343025208
751,0.05076397955417633
752,0.1601373851299286
753,0.34164753556251526
754,0.9696579575538635
755,0.9121211171150208
756,0.96075838804245
757,0.9611364603042603
758,0.913537859916687
759,0.9701875448226929
760,0.7945683598518372
761,0.9653139114379883
762,0.902714192867279
763,0.08086220175027847
764,0.8713792562484741
765,0.0470619834959507
766,0.9217406511306763
767,0.9455341696739197
768,0.5073640942573547
769,0.8790902495384216
770,0.6344358921051025
771,0.061752427369356155
772,0.875046968460083
773,0.09099642932415009
774,0.8227524757385254
775,0.05947752296924591
776,0.8948217630386353
777,0.8093717694282532
778,0.09688722342252731
779,0.04328684136271477
780,0.9600065350532532
781,0.04389674961566925
782,0.04774070531129837
783,0.741939902305603
784,0.9676249623298645
785,0.9657366871833801
786,0.6945182085037231
787,0.05651100352406502
788,0.14833348989486694
789,0.04047415032982826
790,0.05209561064839363
791,0.5515998005867004
792,0.09267997741699219
793,0.9329559206962585
794,0.9069494605064392
795,0.04141657054424286
796,0.043572742491960526
797,0.9395973086357117
798,0.7990996241569519
799,0.946429967880249
800,0.8594966530799866
801,0.12583714723587036
802,0.9444441795349121
803,0.6744544506072998
804,0.6784803867340088
805,0.873362123966217
806,0.9580540060997009
807,0.6446370482444763
808,0.9625750780105591
809,0.9595523476600647
810,0.8743365406990051
811,0.9475955963134766
812,0.8107715249061584
813,0.8024851679801941
814,0.9213869571685791
815,0.8432188630104065
816,0.9368566870689392
817,0.8188561201095581
818,0.9381129741668701
819,0.3683250844478607
820,0.93951416015625
821,0.6625136733055115
822,0.053653039038181305
823,0.7933183908462524
824,0.09085787087678909
825,0.9525542259216309
826,0.9426630735397339
827,0.17704293131828308
828,0.9716362357139587
829,0.8319709300994873
830,0.69663405418396
831,0.8587237000465393
832,0.926544725894928
833,0.902624249458313
834,0.2435743510723114
835,0.9036646485328674
836,0.95958012342453
837,0.9729573726654053
838,0.06337514519691467
839,0.9609369039535522
840,0.17935720086097717
841,0.9375198483467102
842,0.8591406345367432
843,0.8596197366714478
844,0.0910898968577385
845,0.5034778118133545
846,0.03582797944545746
847,0.04417174309492111
848,0.04912184551358223
849,0.6338133215904236
850,0.2692941427230835
851,0.9723170399665833
852,0.06268572062253952
853,0.22168879210948944
854,0.20921960473060608
855,0.7679027318954468
856,0.9325198531150818
857,0.8708930015563965
858,0.1451376974582672
859,0.03883453831076622
860,0.2236659675836563
861,0.857277512550354
862,0.9416629672050476
863,0.9443674087524414
864,0.9615984559059143
865,0.44367483258247375
866,0.9404781460762024
867,0.5154229998588562
868,0.04702380672097206
869,0.07405063509941101
870,0.040417253971099854
871,0.04320750758051872
872,0.9300994873046875
873,0.9619238376617432
874,0.6138374209403992
875,0.19836445152759552
876,0.37143537402153015
877,0.9087932705879211
878,0.9608194231987
879,0.9701022505760193
880,0.7193478345870972
881,0.061979029327631
882,0.8094474077224731
883,0.8638799786567688
884,0.862259566783905
885,0.035061925649642944
886,0.9349091649055481
887,0.0585172176361084
888,0.877651572227478
889,0.6947887539863586
890,0.20922473073005676
891,0.45132768154144287
892,0.215692937374115
893,0.0887644812464714
894,0.05640871077775955
895,0.721892774105072
896,0.9527533054351807
897,0.9430071711540222
898,0.8086367249488831
899,0.8932672142982483
900,0.7587704658508301
901,0.9662669897079468
902,0.7975625395774841
903,0.9418373107910156
904,0.23552168905735016
905,0.9410251975059509
906,0.956059992313385
907,0.21091942489147186
908,0.9349330067634583
909,0.036697015166282654
910,0.9594379663467407
911,0.9674350619316101
912,0.043709732592105865
913,0.05779669061303139
914,0.08723776042461395
915,0.4363862872123718
916,0.9645956754684448
917,0.04803948476910591
918,0.3631814420223236
919,0.048593636602163315
920,0.05314861238002777
921,0.03472376987338066
922,0.9608558416366577
923,0.4568627178668976
924,0.8082863092422485
925,0.03884398192167282
926,0.03847934305667877
927,0.9512149691581726
928,0.5244972705841064
929,0.9626266956329346
930,0.9285779595375061
931,0.9594851732254028
932,0.3553338646888733
933,0.9623289704322815
934,0.6123985052108765
935,0.8838030695915222
936,0.7946355938911438
937,0.48922717571258545
938,0.961310088634491
939,0.9650255441665649
940,0.9449747800827026
941,0.519551157951355
942,0.9606679081916809
943,0.13680720329284668
944,0.9142436385154724
945,0.10968445241451263
946,0.7585657238960266
947,0.7796810865402222
948,0.9708285331726074
949,0.821384072303772
950,0.2349918931722641
951,0.04371996968984604
952,0.9466457962989807
953,0.09402531385421753
954,0.19909730553627014
955,0.811416745185852
956,0.9586778879165649
957,0.1262841522693634
958,0.3672870993614197
959,0.9629172682762146
960,0.9673727750778198
961,0.8730050921440125
962,0.9403505921363831
963,0.9407459497451782
964,0.09404551982879639
965,0.04718474671244621
966,0.12922868132591248
967,0.03909836709499359
968,0.05278565362095833
969,0.7543122172355652
970,0.8486428260803223
971,0.04114872217178345
972,0.056607186794281006
973,0.240665003657341
974,0.9698789119720459
975,0.05863403528928757
976,0.13045309484004974
977,0.09662789106369019
978,0.8313273787498474
979,0.053603317588567734
980,0.1185586005449295
981,0.688412070274353
982,0.04020427539944649
983,0.03502741828560829
984,0.050741445273160934
985,0.6675606369972229
986,0.04688698425889015
987,0.9614793062210083
988,0.9642885327339172
989,0.9095883965492249
990,0.8089655637741089
991,0.9089686274528503
992,0.9048299789428711
993,0.9443978071212769
994,0.9482971429824829
995,0.09871343523263931
996,0.8730589747428894
997,0.05024947598576546
998,0.8646831512451172
999,0.9599415063858032
1000,0.9390944838523865
1001,0.10369423031806946
1002,0.2865807116031647
1003,0.11898971349000931
1004,0.03829123452305794
1005,0.04941638559103012
1006,0.09471040219068527
1007,0.4349631071090698
1008,0.3406010866165161
1009,0.8778746724128723
1010,0.948115885257721
1011,0.959939181804657
1012,0.27382051944732666
1013,0.7353635430335999
1014,0.05287287384271622
1015,0.9168752431869507
1016,0.05573068559169769
1017,0.07982349395751953
1018,0.04726444184780121
1019,0.11163439601659775
1020,0.8188315033912659
1021,0.9055279493331909
1022,0.9552971124649048
1023,0.9586746096611023
1024,0.9341368675231934
1025,0.946248471736908
1026,0.9650288820266724
1027,0.03678744658827782
1028,0.08254227787256241
1029,0.9415172338485718
1030,0.5911613702774048
1031,0.08534595370292664
1032,0.06412428617477417
1033,0.9510881304740906
1034,0.8142897486686707
1035,0.44981881976127625
1036,0.07926715165376663
1037,0.9588046669960022
1038,0.5918318629264832
1039,0.9353693127632141
1040,0.860954999923706
1041,0.03868276998400688
1042,0.8450648188591003
1043,0.370755136013031
1044,0.9630319476127625
1045,0.9606375694274902
1046,0.5470162034034729
1047,0.9025756120681763
1048,0.9322382807731628
1049,0.10167761147022247
1050,0.6718128323554993
1051,0.03958280757069588
1052,0.9463968276977539
1053,0.9350254535675049
1054,0.08546733856201172
1055,0.1646740734577179
1056,0.7295475006103516
1057,0.9384355545043945
1058,0.06368902325630188
1059,0.07881598174571991
1060,0.17646098136901855
1061,0.05120794102549553
1062,0.9596170783042908
1063,0.964642345905304
1064,0.9649279713630676
1065,0.11809776723384857
1066,0.5494789481163025
1067,0.13699497282505035
1068,0.37476441264152527
1069,0.8655989766120911
1070,0.05063476413488388
1071,0.7304168343544006
1072,0.0383402518928051
1073,0.9676293134689331
1074,0.8282254934310913
1075,0.8252230286598206
1076,0.9628576040267944
1077,0.04983837157487869
1078,0.97008216381073
1079,0.2663125991821289
1080,0.37819066643714905
1081,0.038081858307123184
1082,0.7951551079750061
1083,0.9403360486030579
1084,0.782638669013977
1085,0.12291542440652847
1086,0.0975307822227478
1087,0.04033595696091652
1088,0.04881677031517029
1089,0.37077492475509644
1090,0.1678941696882248
1091,0.8472286462783813
1092,0.3545674979686737
1093,0.8443186283111572
1094,0.9052407741546631
1095,0.049170732498168945
1096,0.9341030716896057
1097,0.960519552230835
1098,0.8157538175582886
1099,0.04224499315023422
1100,0.18698273599147797
1101,0.21923266351222992
1102,0.23701104521751404
1103,0.06797707080841064
1104,0.809822678565979
1105,0.8023393750190735
1106,0.8608893156051636
1107,0.9689676761627197
1108,0.06135720759630203
1109,0.5843015909194946
1110,0.655609667301178
1111,0.8880442380905151
1112,0.8912529945373535
1113,0.36491939425468445
1114,0.43416303396224976
1115,0.9629344344139099
1116,0.9123249650001526
1117,0.25033071637153625
1118,0.07379408180713654
1119,0.8660435080528259
1120,0.41144490242004395
1121,0.044954780489206314
1122,0.0361424945294857
1123,0.06484493613243103
1124,0.05157120153307915
1125,0.6523774862289429
1126,0.9417898654937744
1127,0.5684911608695984
1128,0.9012469053268433
1129,0.9637719988822937
1130,0.9656404256820679
1131,0.9329671263694763
1132,0.9599483013153076
1133,0.330714613199234
1134,0.960580587387085
1135,0.047553207725286484
1136,0.8880512118339539
1137,0.18370318412780762
1138,0.9282106161117554
1139,0.0638565719127655
1140,0.9009926915168762
1141,0.9244212508201599
1142,0.8707755208015442
1143,0.9041504263877869
1144,0.04190804064273834
1145,0.8472040891647339
1146,0.4346257746219635
1147,0.49934306740760803
1148,0.9155474901199341
1149,0.6108117699623108
1150,0.10867691040039062
1151,0.3567884862422943
1152,0.4981882870197296
1153,0.9406591057777405
1154,0.8606462478637695
1155,0.9398583769798279
1156,0.9359488487243652
1157,0.9674732089042664
1158,0.05305595323443413
1159,0.4407583475112915
1160,0.909241259098053
1161,0.1719345599412918
1162,0.9013417959213257
1163,0.14834283292293549
1164,0.9642773270606995
1165,0.9370151162147522
1166,0.039407551288604736
1167,0.9707540273666382
1168,0.8092231750488281
1169,0.108113132417202
1170,0.9676940441131592
1171,0.8117914795875549
1172,0.8196655511856079
1173,0.9572847485542297
1174,0.088838592171669
1175,0.16645626723766327
1176,0.8302168846130371
1177,0.039494335651397705
1178,0.5181492567062378
1179,0.912604033946991
1180,0.4695650637149811
1181,0.43208566308021545
1182,0.5942987203598022
1183,0.10648786276578903
1184,0.03735800087451935
1185,0.8180985450744629
1186,0.0493616946041584
1187,0.04976649954915047
1188,0.9702206254005432
1189,0.9589657783508301
1190,0.9414954781532288
1191,0.9417017102241516
1192,0.9679607152938843
1193,0.0443098358809948
1194,0.3727133274078369
1195,0.8364490866661072
1196,0.6648880243301392
1197,0.2536951005458832
1198,0.07984670996665955
1199,0.13268613815307617
1200,0.9141128659248352
1201,0.11819261312484741
1202,0.06265372037887573
1203,0.4299679696559906
1204,0.2688354551792145
1205,0.8174617886543274
1206,0.924817681312561
1207,0.6559342741966248
1208,0.8914600610733032
1209,0.2563132345676422
1210,0.05753330513834953
1211,0.8101751208305359
1212,0.9596627354621887
1213,0.04110389202833176
1214,0.10910748690366745
1215,0.9637147784233093
1216,0.946018397808075
1217,0.09862162917852402
1218,0.9323006272315979
1219,0.9576096534729004
1220,0.5775855183601379
1221,0.12841662764549255
1222,0.15050002932548523
1223,0.04281578212976456
1224,0.8453589081764221
1225,0.052131637930870056
1226,0.9413707256317139
1227,0.9593905806541443
1228,0.9606867432594299
1229,0.8169041872024536
1230,0.7282069325447083
1231,0.05455328896641731
1232,0.9283438920974731
1233,0.055824294686317444
1234,0.06460782885551453
1235,0.9605090022087097
1236,0.9615304470062256
1237,0.945792555809021
1238,0.1276630461215973
1239,0.9023731350898743
1240,0.8408944010734558
1241,0.13879796862602234
1242,0.058402903378009796
1243,0.8494027256965637
1244,0.615118682384491
1245,0.8791676759719849
1246,0.9732628464698792
1247,0.8507240414619446
1248,0.39343786239624023
1249,0.12445734441280365
1250,0.8124620914459229
1251,0.06530757993459702
1252,0.8645496964454651
1253,0.11634602397680283
1254,0.412073016166687
1255,0.07234247773885727
1256,0.037623971700668335
1257,0.8336162567138672
1258,0.10313062369823456
1259,0.9428086876869202
1260,0.6123524308204651
1261,0.0530199259519577
1262,0.6837694644927979
1263,0.9533889293670654
1264,0.4147784113883972
1265,0.17625686526298523
1266,0.9599988460540771
1267,0.9234138131141663
1268,0.9142280220985413
1269,0.8022460341453552
1270,0.6550014615058899
1271,0.0637095719575882
1272,0.07132094353437424
1273,0.9408339262008667
1274,0.8453946709632874
1275,0.9629172682762146
1276,0.9408324360847473
1277,0.8067482709884644
1278,0.09686142206192017
1279,0.9698240160942078
1280,0.8357856869697571
1281,0.34243643283843994
1282,0.9708285331726074
1283,0.8044040203094482
1284,0.9096939563751221
1285,0.053603317588567734
1286,0.967726469039917
1287,0.9615291357040405
1288,0.23800911009311676
1289,0.9609125256538391
1290,0.9648916721343994
1291,0.1439041644334793
1292,0.9347142577171326
1293,0.9033111333847046
1294,0.4318545460700989
1295,0.9423280358314514
1296,0.9400120973587036
1297,0.04452862963080406
1298,0.35521870851516724
1299,0.9600812196731567
1300,0.6044437289237976
1301,0.9695762395858765
1302,0.9589728116989136
1303,0.9649922251701355
1304,0.962911069393158
1305,0.10757683962583542
1306,0.13389025628566742
1307,0.8667929172515869
1308,0.9602555632591248
1309,0.8569053411483765
1310,0.96258944272995
1311,0.9048684239387512
1312,0.8646831512451172
1313,0.09997761994600296
1314,0.38303887844085693
1315,0.03743785619735718
1316,0.04540961608290672
1317,0.10878556221723557
1318,0.5635214447975159
1319,0.1222112700343132
1320,0.8180282115936279
1321,0.05414265766739845
1322,0.07277432829141617
1323,0.20785298943519592
1324,0.49511775374412537
1325,0.08728067576885223
1326,0.9176332950592041
1327,0.8136071562767029
1328,0.09252287447452545
1329,0.7966570854187012
1330,0.9307949542999268
1331,0.8252230286598206
1332,0.3627273738384247
1333,0.916643500328064
1334,0.42374899983406067
1335,0.2578621804714203
1336,0.9469258785247803
1337,0.7650578022003174
1338,0.2272816151380539
1339,0.6626371741294861
1340,0.9676617980003357
1341,0.5653733015060425
1342,0.10361123830080032
1343,0.6444783806800842
1344,0.07979413121938705
1345,0.4557628035545349
1346,0.03682365640997887
1347,0.09774821251630783
1348,0.1066950261592865
1349,0.8926131725311279
1350,0.04680434986948967
1351,0.9481103420257568
1352,0.12707294523715973
1353,0.11952022463083267
1354,0.036065712571144104
1355,0.1009453535079956
1356,0.44146209955215454
1357,0.12319474667310715
1358,0.08901583403348923
1359,0.12178371101617813
1360,0.8746504187583923
1361,0.0512331947684288
1362,0.2545662820339203
1363,0.09635989367961884
1364,0.8425027132034302
1365,0.04825442284345627
1366,0.04727008938789368
1367,0.8699105381965637
1368,0.15191839635372162
1369,0.8419542908668518
1370,0.04389571025967598
1371,0.04658767208456993
1372,0.9608120918273926
1373,0.9579063057899475
1374,0.06360640376806259
1375,0.04901670292019844
1376,0.04370278865098953
1377,0.08610820025205612
1378,0.09794443100690842
1379,0.9415019154548645
1380,0.9673845171928406
1381,0.9589977860450745
1382,0.9563496112823486
1383,0.9427077770233154
1384,0.2548646926879883
1385,0.8929710984230042
1386,0.14167405664920807
1387,0.07792030274868011
1388,0.07381055504083633
1389,0.09523842483758926
1390,0.9629643559455872
1391,0.33731022477149963
1392,0.057798244059085846
1393,0.9110666513442993
1394,0.9253134727478027
1395,0.8781094551086426
1396,0.8730867505073547
1397,0.9522536396980286
1398,0.9622823596000671
1399,0.6601758003234863
1400,0.07704639434814453
1401,0.8460304737091064
1402,0.8718262910842896
1403,0.04172578826546669
1404,0.055564217269420624
1405,0.11018131673336029
1406,0.8182035088539124
1407,0.9013375639915466
1408,0.06294824182987213
1409,0.039320360869169235
1410,0.9147951006889343
1411,0.9356526732444763
1412,0.19361478090286255
1413,0.9654397964477539
1414,0.8937190771102905
1415,0.8737680315971375
1416,0.967681348323822
1417,0.9082662463188171
1418,0.03810521960258484
1419,0.9368005990982056
1420,0.23544976115226746
1421,0.04786890745162964
1422,0.08526599407196045
1423,0.03536013513803482
1424,0.9730284810066223
1425,0.03921237587928772
1426,0.03752867877483368
1427,0.08070286363363266
1428,0.9338891506195068
1429,0.1600753217935562
1430,0.0635882019996643
1431,0.8024362325668335
1432,0.43710318207740784
1433,0.06217198446393013
1434,0.9093841910362244
1435,0.8644879460334778
1436,0.9645366668701172
1437,0.9689372181892395
1438,0.9481204748153687
1439,0.9644303917884827
1440,0.043670155107975006
1441,0.22058312594890594
1442,0.05431912839412689
1443,0.07089601457118988
1444,0.07930897176265717
1445,0.2509136497974396
1446,0.6487094163894653
1447,0.9415715932846069
1448,0.9421518445014954
1449,0.35129979252815247
1450,0.9677150845527649
1451,0.17705056071281433
1452,0.8847466707229614
1453,0.9593148827552795
1454,0.1007394939661026
1455,0.04232238605618477
1456,0.1708976775407791
1457,0.8123958110809326
1458,0.9057433605194092
1459,0.9428035616874695
1460,0.8889791369438171
1461,0.2846701741218567
1462,0.21398092806339264
1463,0.7724089622497559
1464,0.9315424561500549
1465,0.1304273009300232
1466,0.07627817988395691
1467,0.9699109792709351
1468,0.09270923584699631
1469,0.9335166811943054
1470,0.07529094070196152
1471,0.04398835077881813
1472,0.9401601552963257
1473,0.9063773155212402
1474,0.050738703459501266
1475,0.8005920052528381
1476,0.8627505302429199
1477,0.046442389488220215
1478,0.05996222048997879
1479,0.10595632344484329
1480,0.2402263730764389
1481,0.9272264242172241
1482,0.08999226987361908
1483,0.09715695679187775
1484,0.9148843884468079
1485,0.337444007396698
1486,0.8771488070487976
1487,0.26045241951942444
1488,0.05683751404285431
1489,0.9614961743354797
1490,0.8922705054283142
1491,0.08493368327617645
1492,0.9622666835784912
1493,0.1085062175989151
1494,0.95958012342453
1495,0.9365354776382446
1496,0.039833568036556244
1497,0.9703454375267029
1498,0.9329686164855957
1499,0.9682273864746094
1500,0.912787139415741
1501,0.0666644349694252
1502,0.3421398401260376
1503,0.05688391253352165
1504,0.9281776547431946
1505,0.06316312402486801
1506,0.8379402160644531
1507,0.13691166043281555
1508,0.9207035899162292
1509,0.823824942111969
1510,0.662642776966095
1511,0.16107073426246643
1512,0.9176058769226074
1513,0.9221823811531067
1514,0.1562580019235611
1515,0.042794957756996155
1516,0.5860525965690613
1517,0.8005353212356567
1518,0.06032685190439224
1519,0.050104644149541855
1520,0.9678850173950195
1521,0.9397817850112915
1522,0.9564192891120911
1523,0.04775356501340866
1524,0.8214151859283447
1525,0.9656160473823547
1526,0.21074019372463226
1527,0.23813602328300476
1528,0.937355101108551
1529,0.8009159564971924
1530,0.9604035019874573
1531,0.9443643093109131
1532,0.052197761833667755
1533,0.046983297914266586
1534,0.9678639769554138
1535,0.039178669452667236
1536,0.8670112490653992
1537,0.8581996560096741
1538,0.05357809364795685
1539,0.10629323124885559
1540,0.9135940670967102
1541,0.42379266023635864
1542,0.10645328462123871
1543,0.1782279908657074
1544,0.9683585166931152
1545,0.9655711650848389
1546,0.9044403433799744
1547,0.9673382043838501
1548,0.44146209955215454
1549,0.0432845875620842
1550,0.04824882745742798
1551,0.0367058664560318
1552,0.05340950936079025
1553,0.15365859866142273
1554,0.05989982932806015
1555,0.04343042150139809
1556,0.8014971017837524
1557,0.05314893648028374
1558,0.1991204172372818
1559,0.8934102654457092
1560,0.3500247597694397
1561,0.5295367240905762
1562,0.9184238314628601
1563,0.9035423994064331
1564,0.901357114315033
1565,0.9236314296722412
1566,0.042131051421165466
1567,0.26020556688308716
1568,0.560390293598175
1569,0.3290451467037201
1570,0.8191603422164917
1571,0.0872444361448288
1572,0.713720440864563
1573,0.8441324830055237
1574,0.8824877142906189
1575,0.9674814343452454
1576,0.9416902661323547
1577,0.4296162724494934
1578,0.07832945883274078
1579,0.14166247844696045
1580,0.9352392554283142
1581,0.09494739025831223
1582,0.07935057580471039
1583,0.8459687232971191
1584,0.8554076552391052
1585,0.429108589887619
1586,0.9337819814682007
1587,0.9633403420448303
1588,0.8434162735939026
1589,0.9643515944480896
1590,0.9498209953308105
1591,0.09509065747261047
1592,0.9188089370727539
1593,0.9037718772888184
1594,0.07256470620632172
1595,0.04066970944404602
1596,0.07532309740781784
1597,0.9336285591125488
1598,0.9617447257041931
1599,0.04268922284245491
1600,0.613639771938324
1601,0.2086949348449707
1602,0.8188976049423218
1603,0.6450789570808411
1604,0.5944033861160278
1605,0.05205691605806351
1606,0.9709331393241882
1607,0.9401060938835144
1608,0.9338891506195068
1609,0.8620537519454956
1610,0.9286813735961914
1611,0.820968747138977
1612,0.941582977771759
1613,0.09118229895830154
1614,0.9706822633743286
1615,0.9630444049835205
1616,0.28941598534584045
1617,0.216746523976326
1618,0.8925588130950928
1619,0.9194405674934387
1620,0.9337952733039856
1621,0.9025536775588989
1622,0.8129068613052368
1623,0.04831039160490036
1624,0.07078631967306137
1625,0.049461282789707184
1626,0.05461325868964195
1627,0.08252473175525665
1628,0.9657601118087769
1629,0.9094359278678894
1630,0.563601553440094
1631,0.7252717614173889
1632,0.13644494116306305
1633,0.4378608465194702
1634,0.050351593643426895
1635,0.06302818655967712
1636,0.04834529384970665
1637,0.08200864493846893
1638,0.9404343962669373
1639,0.904095470905304
1640,0.2655167877674103
1641,0.06378766894340515
1642,0.9729573726654053
1643,0.940268337726593
1644,0.9597283005714417
1645,0.050685252994298935
1646,0.9231802821159363
1647,0.8367972373962402
1648,0.9599415063858032
1649,0.9610128402709961
1650,0.8682228922843933
1651,0.9595630764961243
1652,0.038097284734249115
1653,0.9339409470558167
1654,0.8845738768577576
1655,0.9332044124603271
1656,0.5849173069000244
1657,0.5280780792236328
1658,0.047309648245573044
1659,0.9693582057952881
1660,0.9233338236808777
1661,0.13802006840705872
1662,0.8533403873443604
1663,0.5870708227157593
1664,0.04697992280125618
1665,0.050484057515859604
1666,0.25902217626571655
1667,0.43560394644737244
1668,0.9699276089668274
1669,0.8935520648956299
1670,0.2304796427488327
1671,0.9538103938102722
1672,0.9700592756271362
1673,0.26503944396972656
1674,0.12783613801002502
1675,0.215449258685112
1676,0.0530584454536438
1677,0.9002202749252319
1678,0.7950956225395203
1679,0.042128704488277435
1680,0.8184114098548889
1681,0.7893631458282471
1682,0.4507184624671936
1683,0.9700314402580261
1684,0.038437359035015106
1685,0.20727896690368652
1686,0.04595666378736496
1687,0.06345366686582565
1688,0.8639570474624634
1689,0.7759055495262146
1690,0.8657270669937134
1691,0.04969746619462967
1692,0.38747337460517883
1693,0.8923015594482422
1694,0.18705496191978455
1695,0.35819318890571594
1696,0.9716153144836426
1697,0.9603444933891296
1698,0.05914328247308731
1699,0.932788610458374
1700,0.03458494320511818
1701,0.0794190913438797
1702,0.8410816192626953
1703,0.4378361701965332
1704,0.038046784698963165
1705,0.15074899792671204
1706,0.0994463637471199
1707,0.9605147838592529
1708,0.4254883825778961
1709,0.21787738800048828
1710,0.14145705103874207
1711,0.06095649302005768
1712,0.052682433277368546
1713,0.6524034738540649
1714,0.043447818607091904
1715,0.13390247523784637
1716,0.9597182273864746
1717,0.04314948990941048
1718,0.05192375183105469
1719,0.09340724349021912
1720,0.8149354457855225
1721,0.10535431653261185
1722,0.9292410016059875
1723,0.9381350874900818
1724,0.03644941747188568
1725,0.8379473686218262
1726,0.04170672595500946
1727,0.8562060594558716
1728,0.4378141164779663
1729,0.9119133353233337
1730,0.960293710231781
1731,0.05519435182213783
1732,0.8873904347419739
1733,0.035924673080444336
1734,0.08990628272294998
1735,0.8904817700386047
1736,0.09848570078611374
1737,0.94880211353302
1738,0.938453733921051
1739,0.783488392829895
1740,0.049066025763750076
1741,0.33275434374809265
1742,0.09383134543895721
1743,0.03764907643198967
1744,0.9606608748435974
1745,0.35318276286125183
1746,0.9616685509681702
1747,0.7109140753746033
1748,0.1302548497915268
1749,0.0629485696554184
1750,0.9600637555122375
1751,0.04891215264797211
1752,0.03396903723478317
1753,0.7154092192649841
1754,0.8025040030479431
1755,0.9578971266746521
1756,0.11542598903179169
1757,0.9405410885810852
1758,0.4938022494316101
1759,0.7305545806884766
1760,0.715451180934906
1761,0.2349918931722641
1762,0.8585231900215149
1763,0.9672613739967346
1764,0.9273642897605896
1765,0.06001913174986839
1766,0.9692818522453308
1767,0.23501825332641602
1768,0.913431704044342
1769,0.45981231331825256
1770,0.07595459371805191
1771,0.9467822313308716
1772,0.8451807498931885
1773,0.9482679963111877
1774,0.25457248091697693
1775,0.0469425767660141
1776,0.9563496112823486
1777,0.2516860067844391
1778,0.8008055090904236
1779,0.03845594823360443
1780,0.03781263902783394
1781,0.7175736427307129
1782,0.20951788127422333
1783,0.36321598291397095
1784,0.9609135389328003
1785,0.11039555072784424
1786,0.9396997690200806
1787,0.794617772102356
1788,0.059968385845422745
1789,0.9648035764694214
1790,0.10700540244579315
1791,0.44110190868377686
1792,0.9106274247169495
1793,0.1254708170890808
1794,0.8630673289299011
1795,0.47434037923812866
1796,0.048991914838552475
1797,0.07842957228422165
1798,0.05891461670398712
1799,0.08015698194503784
1800,0.9617432355880737
1801,0.05958617851138115
1802,0.08259203284978867
1803,0.9113975763320923
1804,0.04120732843875885
1805,0.9702638387680054
1806,0.09479081630706787
1807,0.7977740168571472
1808,0.9600065350532532
1809,0.11213657259941101
1810,0.06568683683872223
1811,0.04104089364409447
1812,0.08921835571527481
1813,0.951484203338623
1814,0.04873111844062805
1815,0.9641536474227905
1816,0.04262673482298851
1817,0.9404441118240356
1818,0.0998195931315422
1819,0.54844731092453
1820,0.674083411693573
1821,0.8103440403938293
1822,0.9614425897598267
1823,0.9410387873649597
1824,0.42962637543678284
1825,0.9638963937759399
1826,0.9677616357803345
1827,0.9630784392356873
1828,0.04382574185729027
1829,0.1350761502981186
1830,0.0668829083442688
1831,0.6301758885383606
1832,0.9295024275779724
1833,0.10269159823656082
1834,0.06345856934785843
1835,0.7444696426391602
1836,0.8547382354736328
1837,0.035182856023311615
1838,0.18614237010478973
1839,0.8138566017150879
1840,0.7499956488609314
1841,0.9404611587524414
1842,0.24160781502723694
1843,0.9495274424552917
1844,0.9206662178039551
1845,0.9053443074226379
1846,0.9363462328910828
1847,0.9693163633346558
1848,0.04945513233542442
1849,0.8057858943939209
1850,0.24282151460647583
1851,0.9332044124603271
1852,0.035239074379205704
1853,0.9154168367385864
1854,0.9636685848236084
1855,0.8612875938415527
1856,0.17758414149284363
1857,0.632847011089325
1858,0.21197380125522614
1859,0.050445035099983215
1860,0.2644572854042053
1861,0.09487124532461166
1862,0.10658770054578781
1863,0.050585318356752396
1864,0.0492626316845417
1865,0.04581207036972046
1866,0.16824309527873993
1867,0.9595541954040527
1868,0.05025375634431839
1869,0.8772210478782654
1870,0.4162259101867676
1871,0.048071060329675674
1872,0.08615661412477493
1873,0.9341646432876587
1874,0.04058552533388138
1875,0.9383692145347595
1876,0.10373924672603607
1877,0.05292060598731041
1878,0.935552179813385
1879,0.08361473679542542
1880,0.3500974774360657
1881,0.800957441329956
1882,0.9293113946914673
1883,0.05220358818769455
1884,0.9426582455635071
1885,0.04277167096734047
1886,0.03803661838173866
1887,0.048369135707616806
1888,0.07496292144060135
1889,0.8605941534042358
1890,0.09322229027748108
1891,0.09129493683576584
1892,0.9347139596939087
1893,0.13170771300792694
1894,0.48741045594215393
1895,0.0507073849439621
1896,0.9646748304367065
1897,0.9557165503501892
1898,0.1495332568883896
1899,0.4479605555534363
1900,0.4357776939868927
1901,0.04430101439356804
1902,0.9616339802742004
1903,0.931367039680481
1904,0.4110387861728668
1905,0.9391927719116211
1906,0.043997474014759064
1907,0.3854975700378418
1908,0.19023799896240234
1909,0.14238739013671875
1910,0.9409882426261902
1911,0.06974456459283829
1912,0.9287149906158447
1913,0.9406667947769165
1914,0.961712658405304
1915,0.6378496289253235
1916,0.0414542481303215
1917,0.11814605444669724
1918,0.09572593867778778
1919,0.15488441288471222
1920,0.04015960544347763
1921,0.9660807847976685
1922,0.03995354101061821
1923,0.5312507748603821
1924,0.9571114182472229
1925,0.9424726366996765
1926,0.210045725107193
1927,0.8092764019966125
1928,0.03433562442660332
1929,0.6322535276412964
1930,0.04712948948144913
1931,0.07405635714530945
1932,0.9030823111534119
1933,0.19716955721378326
1934,0.7801330089569092
1935,0.8266019821166992
1936,0.9686535000801086
1937,0.34383174777030945
1938,0.20663334429264069
1939,0.9617513418197632
1940,0.04396114870905876
1941,0.9053443074226379
1942,0.9203640222549438
1943,0.2785518765449524
1944,0.9396997690200806
1945,0.05011247470974922
1946,0.8933495879173279
1947,0.04388951510190964
1948,0.0516023226082325
1949,0.053391821682453156
1950,0.099263995885849
1951,0.09613297134637833
1952,0.9444201588630676
1953,0.12292565405368805
1954,0.8916618824005127
1955,0.9670325517654419
1956,0.8153976798057556
1957,0.9559556245803833
1958,0.3752029836177826
1959,0.9707411527633667
1960,0.1065029501914978
1961,0.0637313649058342
1962,0.846348762512207
1963,0.9329671263694763
1964,0.9433751702308655
1965,0.7275751233100891
1966,0.9137306213378906
1967,0.93183833360672
1968,0.8160805106163025
1969,0.04563053697347641
1970,0.07287166267633438
1971,0.09587264060974121
1972,0.04203437641263008
1973,0.6379913091659546
1974,0.08554714173078537
1975,0.948653519153595
1976,0.21733440458774567
1977,0.04395435377955437
1978,0.12770183384418488
1979,0.0482308492064476
1980,0.8186348080635071
1981,0.24228163063526154
1982,0.7944163084030151
1983,0.399338036775589
1984,0.10674641281366348
1985,0.906808614730835
1986,0.0535719059407711
1987,0.053371187299489975
1988,0.06729152798652649
1989,0.21928231418132782
1990,0.7243744134902954
1991,0.0367058664560318
1992,0.06067971885204315
1993,0.9299744963645935
1994,0.9074215888977051
1995,0.6652292013168335
1996,0.03690510243177414
1997,0.9674087166786194
1998,0.9234805107116699
1999,0.2934635579586029
2000,0.8570826053619385
2001,0.8417654633522034
2002,0.05281059816479683
2003,0.05009482055902481
2004,0.20785298943519592
2005,0.5913971066474915
2006,0.7908134460449219
2007,0.20050030946731567
2008,0.19156929850578308
2009,0.9721148014068604
2010,0.8146481513977051
2011,0.6359230875968933
2012,0.8408785462379456
2013,0.8342701196670532
2014,0.5001465678215027
2015,0.09119723737239838
2016,0.8589310050010681
2017,0.8774914741516113
2018,0.9611819982528687
2019,0.9398453831672668
2020,0.9601883888244629
2021,0.9677280187606812
2022,0.5939139127731323
2023,0.038548603653907776
2024,0.061271633952856064
2025,0.052157480269670486
2026,0.6556724905967712
2027,0.8334639668464661
2028,0.09836384654045105
2029,0.5753605365753174
2030,0.047054748982191086
2031,0.7160147428512573
2032,0.4474761486053467
2033,0.04518081620335579
2034,0.0645592138171196
2035,0.9603400826454163
2036,0.970318615436554
2037,0.2615186870098114
2038,0.19299551844596863
2039,0.2321677953004837
2040,0.8092983961105347
2041,0.3777759075164795
2042,0.3790050148963928
2043,0.1659497767686844
2044,0.9408435225486755
2045,0.812420129776001
2046,0.9605164527893066
2047,0.7091659903526306
2048,0.6691373586654663
2049,0.9296792149543762
2050,0.09570357203483582
2051,0.4694660007953644
2052,0.9677234292030334
2053,0.9084753394126892
2054,0.38505223393440247
2055,0.8767467141151428
2056,0.043371643871068954
2057,0.07168759405612946
2058,0.17947350442409515
2059,0.13471579551696777
2060,0.7895833253860474
2061,0.5130953788757324
2062,0.9141108393669128
2063,0.6559213995933533
2064,0.7238215804100037
2065,0.6301597356796265
2066,0.8209134936332703
2067,0.09477915614843369
2068,0.7287477254867554
2069,0.28430384397506714
2070,0.9409565925598145
2071,0.0708996132016182
2072,0.06310506165027618
2073,0.34699660539627075
2074,0.10135971754789352
2075,0.6549648642539978
2076,0.24170900881290436
2077,0.08237021416425705
2078,0.043190084397792816
2079,0.8278339505195618
2080,0.4986048638820648
2081,0.9611278772354126
2082,0.39768388867378235
2083,0.6944771409034729
2084,0.8641853928565979
2085,0.9562383890151978
2086,0.9658198356628418
2087,0.17716766893863678
2088,0.793006420135498
2089,0.05261161923408508
2090,0.06714223325252533
2091,0.8614180684089661
2092,0.8417412638664246
2093,0.2575179636478424
2094,0.7012953162193298
2095,0.03830042853951454
2096,0.6113065481185913
2097,0.9416103363037109
2098,0.08910240978002548
2099,0.6624913215637207
2100,0.20935767889022827
2101,0.06137392669916153
2102,0.21269048750400543
2103,0.056107860058546066
2104,0.08997955918312073
2105,0.9646813869476318
2106,0.04977131634950638
2107,0.4182121455669403
2108,0.0848526880145073
2109,0.049377068877220154
2110,0.9283936023712158
2111,0.046531595289707184
2112,0.040299493819475174
2113,0.09754285216331482
2114,0.21183981001377106
2115,0.34012192487716675
2116,0.7949463725090027
2117,0.892020046710968
2118,0.043288666754961014
2119,0.7006821632385254
2120,0.7495802044868469
2121,0.9486727118492126
2122,0.4218776822090149
2123,0.9205263257026672
2124,0.8091580867767334
2125,0.04862756282091141
2126,0.9674953818321228
2127,0.2560102343559265
2128,0.08600414544343948
2129,0.663267195224762
2130,0.3051055371761322
2131,0.1794777512550354
2132,0.3452512323856354
2133,0.039956238120794296
2134,0.8487207293510437
2135,0.962535560131073
2136,0.7930625677108765
2137,0.08043111115694046
2138,0.07055984437465668
2139,0.043494146317243576
2140,0.8219022154808044
2141,0.13614492118358612
2142,0.04457878693938255
2143,0.9153940677642822
2144,0.9457849264144897
2145,0.07469353079795837
2146,0.07312046736478806
2147,0.05544107034802437
2148,0.04547407478094101
2149,0.9421236515045166
2150,0.21449238061904907
2151,0.8462613821029663
2152,0.9355430006980896
2153,0.04951802268624306
2154,0.8035840392112732
2155,0.9401316046714783
2156,0.041609589010477066
2157,0.9635457396507263
2158,0.6173151731491089
2159,0.04755507409572601
2160,0.9418200254440308
2161,0.08560866862535477
2162,0.9233527183532715
2163,0.932750403881073
2164,0.043250102549791336
2165,0.04905276745557785
2166,0.049295540899038315
2167,0.0840987041592598
2168,0.8736637234687805
2169,0.9680821299552917
2170,0.35404735803604126
2171,0.1636209487915039
2172,0.7937081456184387
2173,0.05288854241371155
2174,0.1066407710313797
2175,0.9643899202346802
2176,0.9268889427185059
2177,0.9597217440605164
2178,0.11213076114654541
2179,0.045590806752443314
2180,0.9596235752105713
2181,0.6903486251831055
2182,0.9337969422340393
2183,0.1880384236574173
2184,0.49308618903160095
2185,0.818928599357605
2186,0.06111158803105354
2187,0.8915735483169556
2188,0.247033953666687
2189,0.8786061406135559
2190,0.03472376987338066
2191,0.9579311609268188
2192,0.9705358147621155
2193,0.03934329375624657
2194,0.0884949341416359
2195,0.0613601915538311
2196,0.06138424575328827
2197,0.9571338295936584
2198,0.9120243787765503
2199,0.9386733174324036
2200,0.9626984000205994
2201,0.9138943552970886
2202,0.036942847073078156
2203,0.04972154647111893
2204,0.8841137290000916
2205,0.5723474621772766
2206,0.18656165897846222
2207,0.03952982649207115
2208,0.0851622000336647
2209,0.10852581262588501
2210,0.9348548650741577
2211,0.9404334425926208
2212,0.9111952185630798
2213,0.30702805519104004
2214,0.8458464741706848
2215,0.21269048750400543
2216,0.7968047857284546
2217,0.3434581160545349
2218,0.9225190877914429
2219,0.08645938336849213
2220,0.06632763892412186
2221,0.9664782881736755
2222,0.18856985867023468
2223,0.04980018362402916
2224,0.9672690629959106
2225,0.8131696581840515
2226,0.4065491855144501
2227,0.7212921380996704
2228,0.03958917781710625
2229,0.8316359519958496
2230,0.6109623312950134
2231,0.03999045863747597
2232,0.0507231242954731
2233,0.07817133516073227
2234,0.7801634669303894
2235,0.03488943725824356
2236,0.6384409070014954
2237,0.9373529553413391
2238,0.04143181070685387
2239,0.044217124581336975
2240,0.04162687808275223
2241,0.9223803877830505
2242,0.21956579387187958
2243,0.9639472365379333
2244,0.9546560049057007
2245,0.12356442958116531
2246,0.0486794114112854
2247,0.41822582483291626
2248,0.9402791261672974
2249,0.24095235764980316
2250,0.09056281298398972
2251,0.8387117385864258
2252,0.9273812174797058
2253,0.05907334014773369
2254,0.23148506879806519
2255,0.6874439120292664
2256,0.1865563541650772
2257,0.2911318838596344
2258,0.09813790768384933
2259,0.22177451848983765
2260,0.1398659646511078
2261,0.9223077893257141
2262,0.8908290863037109
2263,0.9563485980033875
2264,0.047462400048971176
2265,0.3855111300945282
2266,0.039178669452667236
2267,0.41193458437919617
2268,0.9166837930679321
2269,0.04198303073644638
2270,0.06260845065116882
2271,0.882024347782135
2272,0.855340301990509
2273,0.8398034572601318
2274,0.037436194717884064
2275,0.15786725282669067
2276,0.9002202749252319
2277,0.09679083526134491
2278,0.039461277425289154
2279,0.799828290939331
2280,0.9245474934577942
2281,0.8655313849449158
2282,0.6087399125099182
2283,0.956159234046936
2284,0.06524983793497086
2285,0.9233390092849731
2286,0.9106868505477905
2287,0.9397609829902649
2288,0.05070846527814865
2289,0.8131514191627502
2290,0.9334385991096497
2291,0.1659497767686844
2292,0.44641825556755066
2293,0.9635507464408875
2294,0.7770998477935791
2295,0.8567451238632202
2296,0.21036683022975922
2297,0.04208025708794594
2298,0.03914463520050049
2299,0.8585655689239502
2300,0.08290618658065796
2301,0.05703960359096527
2302,0.35440993309020996
2303,0.9694339632987976
2304,0.09112299978733063
2305,0.42764896154403687
2306,0.04554837569594383
2307,0.8451157808303833
2308,0.18054760992527008
2309,0.0712888166308403
2310,0.9589537382125854
2311,0.7195608019828796
2312,0.9338363409042358
2313,0.05040588602423668
2314,0.9623218774795532
2315,0.43035611510276794
2316,0.05107433348894119
2317,0.09176135808229446
2318,0.9341047406196594
2319,0.8807710409164429
2320,0.9716079235076904
2321,0.8017389178276062
2322,0.04316098615527153
2323,0.05782309174537659
2324,0.07125547528266907
2325,0.7264183759689331
2326,0.06887035071849823
2327,0.047382280230522156
2328,0.0952213928103447
2329,0.960275411605835
2330,0.06310506165027618
2331,0.8619706034660339
2332,0.8587237000465393
2333,0.19812366366386414
2334,0.9612608551979065
2335,0.9606665968894958
2336,0.9589977860450745
2337,0.11209060251712799
2338,0.6348720192909241
2339,0.06331717222929001
2340,0.9670868515968323
2341,0.8597358465194702
2342,0.28655537962913513
2343,0.04507720097899437
2344,0.26362523436546326
2345,0.6523774862289429
2346,0.9618440866470337
2347,0.049589090049266815
2348,0.27036726474761963
2349,0.12358952313661575
2350,0.9416199922561646
2351,0.968585729598999
2352,0.7951492071151733
2353,0.11166883260011673
2354,0.9685679078102112
2355,0.9058849811553955
2356,0.8104545474052429
2357,0.6482272744178772
2358,0.8662437796592712
2359,0.970374584197998
2360,0.5327041149139404
2361,0.8023073673248291
2362,0.8813048601150513
2363,0.9402108192443848
2364,0.6571841835975647
2365,0.9423311352729797
2366,0.8191603422164917
2367,0.9582800269126892
2368,0.2055618166923523
2369,0.9128934741020203
2370,0.04540182277560234
2371,0.12455825507640839
2372,0.4682253897190094
2373,0.10990533232688904
2374,0.8712725639343262
2375,0.16961608827114105
2376,0.0809599980711937
2377,0.11299607157707214
2378,0.1975986361503601
2379,0.8904862999916077
2380,0.05201543867588043
2381,0.04599647596478462
2382,0.6622840762138367
2383,0.0956811010837555
2384,0.21459908783435822
2385,0.25622931122779846
2386,0.5792236924171448
2387,0.9391233921051025
2388,0.07787562161684036
2389,0.9680179953575134
2390,0.8215582370758057
2391,0.5772935748100281
2392,0.9326590895652771
2393,0.9677927494049072
2394,0.837574303150177
2395,0.35502469539642334
2396,0.6934923529624939
2397,0.10836901515722275
2398,0.19085565209388733
2399,0.9482036828994751
2400,0.04387696087360382
2401,0.9695143103599548
2402,0.06321154534816742
2403,0.6802589297294617
2404,0.12898246943950653
2405,0.935636043548584
2406,0.46642711758613586
2407,0.9342952370643616
2408,0.26614952087402344
2409,0.35139358043670654
2410,0.04735303670167923
2411,0.8560457229614258
2412,0.04000093415379524
2413,0.1869325190782547
2414,0.04030485078692436
2415,0.7877764701843262
2416,0.09581780433654785
2417,0.9409798979759216
2418,0.23381882905960083
2419,0.04782357066869736
2420,0.3453189432621002
2421,0.06702730804681778
2422,0.10366332530975342
2423,0.9699604511260986
2424,0.9132111668586731
2425,0.9156912565231323
2426,0.9704336524009705
2427,0.9676604866981506
2428,0.38319993019104004
2429,0.9409266710281372
2430,0.03903919458389282
2431,0.25927045941352844
2432,0.9421129822731018
2433,0.0381857268512249
2434,0.9036566615104675
2435,0.05163088068366051
2436,0.10966847091913223
2437,0.9609254002571106
2438,0.04720928892493248
2439,0.3777976930141449
2440,0.901489794254303
2441,0.3970126807689667
2442,0.860939085483551
2443,0.09028076380491257
2444,0.04726049304008484
2445,0.9628567099571228
2446,0.9638550877571106
2447,0.9627177119255066
2448,0.911972165107727
2449,0.9424092173576355
2450,0.9477244019508362
2451,0.7926697731018066
2452,0.06977443397045135
2453,0.8461660146713257
2454,0.7948121428489685
2455,0.41638892889022827
2456,0.22775879502296448
2457,0.10630983859300613
2458,0.0649864450097084
2459,0.967603325843811
2460,0.04345696419477463
2461,0.04721422120928764
2462,0.04957416281104088
2463,0.2632267475128174
2464,0.9702206254005432
2465,0.2601052522659302
2466,0.03922717273235321
2467,0.09953242540359497
2468,0.9224640130996704
2469,0.09762472659349442
2470,0.943230390548706
2471,0.9689676761627197
2472,0.8772367238998413
2473,0.9596565365791321
2474,0.9349330067634583
2475,0.8702746033668518
2476,0.054166875779628754
2477,0.04741346463561058
2478,0.044350676238536835
2479,0.15488441288471222
2480,0.9401829242706299
2481,0.10237885266542435
2482,0.046555645763874054
2483,0.042837705463171005
2484,0.8542433381080627
2485,0.04672872647643089
2486,0.8147629499435425
2487,0.09418099373579025
2488,0.9323710799217224
2489,0.8893826007843018
2490,0.10756535083055496
2491,0.04090409725904465
2492,0.5627259612083435
2493,0.9135242104530334
2494,0.18332462012767792
2495,0.892957866191864
2496,0.9393512010574341
2497,0.813120424747467
2498,0.03838655352592468
2499,0.9693434238433838
2500,0.9459677338600159
2501,0.5346595048904419
2502,0.1412554234266281
2503,0.9608628153800964
2504,0.19306939840316772
2505,0.06587862968444824
2506,0.06280042976140976
2507,0.07295927405357361
2508,0.2196178138256073
2509,0.23346199095249176
2510,0.16591957211494446
2511,0.9680821299552917
2512,0.9675823450088501
2513,0.037872761487960815
2514,0.062044743448495865
2515,0.9351323843002319
2516,0.8610983490943909
2517,0.8450120091438293
2518,0.06657576560974121
2519,0.940269410610199
2520,0.10268642008304596
2521,0.056354038417339325
2522,0.08497574180364609
2523,0.9051845073699951
2524,0.9441472887992859
2525,0.052453022450208664
2526,0.09317943453788757
2527,0.06323748081922531
2528,0.795253574848175
2529,0.09799857437610626
2530,0.050346724689006805
2531,0.8008055090904236
2532,0.04232778027653694
2533,0.09036748111248016
2534,0.049258992075920105
2535,0.045665986835956573
2536,0.85759437084198
2537,0.03622875362634659
2538,0.8465826511383057
2539,0.2615244388580322
2540,0.04461035877466202
2541,0.8923015594482422
2542,0.9674033522605896
2543,0.8614210486412048
2544,0.9408339262008667
2545,0.498765766620636
2546,0.08147112280130386
2547,0.03720034286379814
2548,0.05337643623352051
2549,0.38257232308387756
2550,0.09186115115880966
2551,0.05094442889094353
2552,0.107928067445755
2553,0.9595733880996704
2554,0.814914882183075
2555,0.8748708367347717
2556,0.8804634809494019
2557,0.03756246715784073
2558,0.04854166880249977
2559,0.04720902070403099
2560,0.2193574458360672
2561,0.8582695126533508
2562,0.18770639598369598
2563,0.8515443205833435
2564,0.969982922077179
2565,0.42005881667137146
2566,0.9410094618797302
2567,0.15864376723766327
2568,0.3501207232475281
2569,0.9615600109100342
2570,0.037236299365758896
2571,0.5100472569465637
2572,0.5135805010795593
2573,0.9337027668952942
2574,0.8968826532363892
2575,0.04981208220124245
2576,0.18280158936977386
2577,0.93329918384552
2578,0.934032678604126
2579,0.1977423131465912
2580,0.8661662340164185
2581,0.3727635443210602
2582,0.3551442325115204
2583,0.3379446864128113
2584,0.962848424911499
2585,0.04763013869524002
2586,0.10935322195291519
2587,0.04894036427140236
2588,0.19875413179397583
2589,0.9681161046028137
2590,0.06295869499444962
2591,0.9706051349639893
2592,0.809758722782135
2593,0.9330549240112305
2594,0.08818649500608444
2595,0.4353307783603668
2596,0.65895015001297
2597,0.5577253699302673
2598,0.9567591547966003
2599,0.0479699932038784
2600,0.9466969966888428
2601,0.15488441288471222
2602,0.0496157743036747
2603,0.09358347952365875
2604,0.43884411454200745
2605,0.052078112959861755
2606,0.15488441288471222
2607,0.9246981143951416
2608,0.2876492738723755
2609,0.047826919704675674
2610,0.05161137878894806
2611,0.06871539354324341
2612,0.880614697933197
2613,0.10556526482105255
2614,0.9402780532836914
2615,0.9465227723121643
2616,0.23630166053771973
2617,0.8539015650749207
2618,0.8416459560394287
2619,0.9131779670715332
2620,0.7747381329536438
2621,0.03868139535188675
2622,0.16247546672821045
2623,0.963645339012146
2624,0.9363415241241455
2625,0.06580480933189392
2626,0.9291905760765076
2627,0.2780669629573822
2628,0.9628297686576843
2629,0.22349019348621368
2630,0.05915304645895958
2631,0.03868183121085167
2632,0.2378612756729126
2633,0.42888930439949036
2634,0.1591220647096634
2635,0.04105951637029648
2636,0.9703023433685303
2637,0.03943067044019699
2638,0.8374516367912292
2639,0.05090506374835968
2640,0.9032421708106995
2641,0.13748595118522644
2642,0.03610638901591301
2643,0.3554065525531769
2644,0.09627532958984375
2645,0.0547964945435524
2646,0.09648841619491577
2647,0.3514482080936432
2648,0.04110885411500931
2649,0.08480919152498245
2650,0.9690608978271484
2651,0.9330750703811646
2652,0.058316756039857864
2653,0.37978848814964294
2654,0.05691046640276909
2655,0.6890540719032288
2656,0.9127436280250549
2657,0.05930902063846588
2658,0.045889679342508316
2659,0.05278617888689041
2660,0.9708307981491089
2661,0.6460165977478027
2662,0.05012893304228783
2663,0.7972654104232788
2664,0.7253506779670715
2665,0.05408741161227226
2666,0.6435103416442871
2667,0.0850338414311409
2668,0.43455973267555237
2669,0.5873420834541321
2670,0.046787407249212265
2671,0.430313378572464
2672,0.11139839887619019
2673,0.956304132938385
2674,0.10641273856163025
2675,0.3595339059829712
2676,0.9479511380195618
2677,0.6546700596809387
2678,0.05734095349907875
2679,0.06419901549816132
2680,0.9700121879577637
2681,0.9420381784439087
2682,0.07268348336219788
2683,0.05101282522082329
2684,0.8031631112098694
2685,0.968900203704834
2686,0.5403855443000793
2687,0.10049451887607574
2688,0.38713863492012024
2689,0.49604153633117676
2690,0.5622537136077881
2691,0.9681277275085449
2692,0.7571083903312683
2693,0.06652922928333282
2694,0.06563862413167953
2695,0.9684672951698303
2696,0.3418399691581726
2697,0.04863326624035835
2698,0.06866292655467987
2699,0.8175106644630432
2700,0.06115351617336273
2701,0.04495338723063469
2702,0.09879706054925919
2703,0.11440178751945496
2704,0.8467493653297424
2705,0.04558706656098366
2706,0.04725762456655502
2707,0.9675627946853638
2708,0.8038088083267212
2709,0.08841966837644577
2710,0.9683891534805298
2711,0.06461124122142792
2712,0.1112665981054306
2713,0.860373854637146
2714,0.9701724648475647
2715,0.9626834392547607
2716,0.14866559207439423
2717,0.16096548736095428
2718,0.9607922434806824
2719,0.10032656043767929
2720,0.9658973813056946
2721,0.846632719039917
2722,0.10723448544740677
2723,0.9556019306182861
2724,0.06318557262420654
2725,0.23340646922588348
2726,0.9168752431869507
2727,0.04896159842610359
2728,0.8812321424484253
2729,0.9604817032814026
2730,0.12626369297504425
2731,0.6910303235054016
2732,0.6563087701797485
2733,0.09908422082662582
2734,0.9415234923362732
2735,0.8417659997940063
2736,0.10429134219884872
2737,0.03597315028309822
2738,0.510486900806427
2739,0.41210994124412537
2740,0.040608130395412445
2741,0.056426458060741425
2742,0.041114792227745056
2743,0.04778435081243515
2744,0.9294780492782593
2745,0.9369637966156006
2746,0.18884645402431488
2747,0.9676293134689331
2748,0.052233144640922546
2749,0.06364613026380539
2750,0.05063879117369652
2751,0.6008754968643188
2752,0.08774562180042267
2753,0.8594521284103394
2754,0.40217044949531555
2755,0.08233533054590225
2756,0.4442738890647888
2757,0.25030794739723206
2758,0.0392439141869545
2759,0.9647438526153564
2760,0.8050782084465027
2761,0.11532476544380188
2762,0.353365421295166
2763,0.9732628464698792
2764,0.8783148527145386
2765,0.12338487803936005
2766,0.8811722993850708
2767,0.9347216486930847
2768,0.13410396873950958
2769,0.8826525211334229
2770,0.04468240588903427
2771,0.5425031781196594
2772,0.7193424105644226
2773,0.845266580581665
2774,0.055389974266290665
2775,0.815186083316803
2776,0.9277502298355103
2777,0.9225475788116455
2778,0.9562768936157227
2779,0.09334813058376312
2780,0.8464823365211487
2781,0.038506027311086655
2782,0.9335694909095764
2783,0.1024874672293663
2784,0.8552544116973877
2785,0.06283647567033768
2786,0.1128762885928154
2787,0.037105415016412735
2788,0.10735604166984558
2789,0.04734499379992485
2790,0.044304363429546356
2791,0.05267750471830368
2792,0.9588322043418884
2793,0.11401116847991943
2794,0.2561938166618347
2795,0.9464480876922607
2796,0.040837131440639496
2797,0.09103138744831085
2798,0.9270362257957458
2799,0.053781136870384216
2800,0.4461290240287781
2801,0.8915735483169556
2802,0.9394532442092896
2803,0.8546305894851685
2804,0.0527445450425148
2805,0.05073317885398865
2806,0.06062772870063782
2807,0.9619835615158081
2808,0.06265944242477417
2809,0.8586463928222656
2810,0.9471486806869507
2811,0.49441343545913696
2812,0.9097170233726501
2813,0.9610576629638672
2814,0.9732628464698792
2815,0.6546700596809387
2816,0.09944469481706619
2817,0.8275191783905029
2818,0.045584626495838165
2819,0.49761295318603516
2820,0.06123045086860657
2821,0.9350948929786682
2822,0.9354897737503052
2823,0.16061121225357056
2824,0.7416412830352783
2825,0.6329652070999146
2826,0.9597680568695068
2827,0.07317417860031128
2828,0.9731227159500122
2829,0.05434028431773186
2830,0.920933187007904
2831,0.10708320885896683
2832,0.9699485898017883
2833,0.037594012916088104
2834,0.8496326208114624
2835,0.23441116511821747
2836,0.9198362827301025
2837,0.04445568099617958
2838,0.08426141738891602
2839,0.9396190643310547
2840,0.0731881633400917
2841,0.9604606032371521
2842,0.7518868446350098
2843,0.03775627538561821
2844,0.9595491290092468
2845,0.09719109535217285
2846,0.15609706938266754
2847,0.43086370825767517
2848,0.0863904282450676
2849,0.6049046516418457
2850,0.8576580882072449
2851,0.8454093337059021
2852,0.9327855706214905
2853,0.652061402797699
2854,0.9709543585777283
2855,0.08081723749637604
2856,0.10890644788742065
2857,0.9336888790130615
2858,0.04327050969004631
2859,0.3581860661506653
2860,0.045298654586076736
2861,0.8363634347915649
2862,0.6344465613365173
2863,0.0847397893667221
2864,0.8583589196205139
2865,0.04438163712620735
2866,0.9518540501594543
2867,0.09746772050857544
2868,0.08629994094371796
2869,0.10861468315124512
2870,0.064438097178936
2871,0.09094078093767166
2872,0.9462517499923706
2873,0.06788303703069687
2874,0.1231599897146225
2875,0.8282530903816223
2876,0.8183241486549377
2877,0.9639667272567749
2878,0.31955376267433167
2879,0.9676700830459595
2880,0.05723012238740921
2881,0.821387529373169
2882,0.878002405166626
2883,0.051670681685209274
2884,0.041993387043476105
2885,0.9467512369155884
2886,0.06641393154859543
2887,0.455422043800354
2888,0.9680248498916626
2889,0.9305322766304016
2890,0.9635434150695801
2891,0.060015834867954254
2892,0.18280158936977386
2893,0.6164402961730957
2894,0.048368990421295166
2895,0.18315531313419342
2896,0.9559644460678101
2897,0.12733162939548492
2898,0.15673953294754028
2899,0.05455157160758972
2900,0.9673565030097961
2901,0.8433725833892822
2902,0.040028829127550125
2903,0.039110857993364334
2904,0.05965666472911835
2905,0.6258500218391418
2906,0.9320879578590393
2907,0.9469352960586548
2908,0.05202328786253929
2909,0.04569302871823311
2910,0.5888906121253967
2911,0.6559184789657593
2912,0.05173923447728157
2913,0.9334560036659241
2914,0.9619835615158081
2915,0.5265333652496338
2916,0.9661456346511841
2917,0.09116879105567932
2918,0.28386443853378296
2919,0.9629101157188416
2920,0.06814821809530258
2921,0.04807818681001663
2922,0.07018664479255676
2923,0.6610108613967896
2924,0.1725178360939026
2925,0.07984986901283264
2926,0.9299744963645935
2927,0.1367538869380951
2928,0.04003200680017471
2929,0.9033870100975037
2930,0.9623300433158875
2931,0.22242458164691925
2932,0.8174617886543274
2933,0.0465688481926918
2934,0.9686548113822937
2935,0.0912359356880188
2936,0.04932709410786629
2937,0.08933386951684952
2938,0.07458735257387161
2939,0.8369138836860657
2940,0.0616459846496582
2941,0.28043508529663086
2942,0.10197250545024872
2943,0.10247303545475006
2944,0.28671589493751526
2945,0.9646496772766113
2946,0.14275139570236206
2947,0.9599999189376831
2948,0.9333823919296265
2949,0.9324482083320618
2950,0.06974685192108154
2951,0.1259310096502304
2952,0.17961835861206055
2953,0.1650795042514801
2954,0.08434417098760605
2955,0.08007103949785233
2956,0.044476792216300964
2957,0.8600804209709167
2958,0.7952635288238525
2959,0.913310170173645
2960,0.965235710144043
2961,0.10416733473539352
2962,0.8321070671081543
2963,0.8575409650802612
2964,0.1528320163488388
2965,0.9649451375007629
2966,0.42263635993003845
2967,0.6384221315383911
2968,0.9108445644378662
2969,0.0816388726234436
2970,0.04506023973226547
2971,0.03683791682124138
2972,0.8606407642364502
2973,0.04439135640859604
2974,0.3506363332271576
2975,0.047981034964323044
2976,0.08348361402750015
2977,0.06709171831607819
2978,0.04590115696191788
2979,0.04768507927656174
2980,0.9406591057777405
2981,0.04088124260306358
2982,0.0729777067899704
2983,0.5954692959785461
2984,0.09514664113521576
2985,0.2601197361946106
2986,0.8779026865959167
2987,0.04420942813158035
2988,0.04238096624612808
2989,0.053068652749061584
2990,0.9239642024040222
2991,0.16161006689071655
2992,0.07388677448034286
2993,0.04805554077029228
2994,0.9642499089241028
2995,0.09355799108743668
2996,0.22567550837993622
2997,0.03972173109650612
2998,0.05905049666762352
2999,0.15488441288471222
3000,0.05891793966293335
3001,0.09739606082439423
3002,0.059854116290807724
3003,0.8170117735862732
3004,0.041514065116643906
3005,0.7154489755630493
3006,0.7074113488197327
3007,0.15488441288471222
3008,0.04250013455748558
3009,0.08714520186185837
3010,0.1048099622130394
3011,0.04031376168131828
3012,0.5696073770523071
3013,0.057426150888204575
3014,0.4414529800415039
3015,0.08109191805124283
3016,0.08598104864358902
3017,0.8204502463340759
3018,0.6352071762084961
3019,0.16464531421661377
3020,0.22106565535068512
3021,0.9693810939788818
3022,0.08270103484392166
3023,0.04478064551949501
3024,0.10408737510442734
3025,0.04717803746461868
3026,0.08295352756977081
3027,0.038637109100818634
3028,0.06530920416116714
3029,0.09441421180963516
3030,0.05100203678011894
3031,0.9601665139198303
3032,0.1066165566444397
3033,0.2818572521209717
3034,0.8461478352546692
3035,0.9383529424667358
3036,0.9045366644859314
3037,0.9265170097351074
3038,0.9699601531028748
3039,0.04770825430750847
3040,0.04917203634977341
3041,0.6957076191902161
3042,0.9398688077926636
3043,0.04724967107176781
3044,0.27955561876296997
3045,0.07759696990251541
3046,0.9408307671546936
3047,0.23785161972045898
3048,0.05014272779226303
3049,0.803946852684021
3050,0.8794809579849243
3051,0.9619772434234619
3052,0.0421191044151783
3053,0.10170284658670425
3054,0.08879582583904266
3055,0.5907160043716431
3056,0.043270424008369446
3057,0.04432230815291405
3058,0.06533396989107132
3059,0.9153270125389099
3060,0.9247118830680847
3061,0.8913505673408508
3062,0.06251195818185806
3063,0.6545782089233398
3064,0.840205729007721
3065,0.9378952383995056
3066,0.24901416897773743
3067,0.43560099601745605
3068,0.8261796832084656
3069,0.05396817624568939
3070,0.37826457619667053
3071,0.9677696824073792
3072,0.13011914491653442
3073,0.968237042427063
3074,0.04627558961510658
3075,0.0861959159374237
3076,0.10740659385919571
3077,0.0597640760242939
3078,0.9658177495002747
3079,0.03793999180197716
3080,0.9075470566749573
3081,0.35096976161003113
3082,0.932394802570343
3083,0.5664555430412292
3084,0.9595491290092468
3085,0.9599699378013611
3086,0.8604418635368347
3087,0.9153222441673279
3088,0.42236194014549255
3089,0.04313872009515762
3090,0.04653111845254898
3091,0.9494819045066833
3092,0.8749174475669861
3093,0.9662545919418335
3094,0.0555400475859642
3095,0.04648836329579353
3096,0.04432256892323494
3097,0.3304511308670044
3098,0.06742626428604126
3099,0.818164587020874
3100,0.09133153408765793
3101,0.9278424978256226
3102,0.8556046485900879
3103,0.11248313635587692
3104,0.04115875065326691
3105,0.7938613295555115
3106,0.9614368081092834
3107,0.8507962822914124
3108,0.9396260976791382
3109,0.8293273448944092
3110,0.9261855483055115
3111,0.8941872119903564
3112,0.25304558873176575
3113,0.8176068663597107
3114,0.9463955760002136
3115,0.5228087306022644
3116,0.937634289264679
3117,0.04430770501494408
3118,0.3506006896495819
3119,0.49067917466163635
3120,0.0844234898686409
3121,0.05569969117641449
3122,0.03622132167220116
3123,0.8300328850746155
3124,0.9269179105758667
3125,0.9682935476303101
3126,0.10889631509780884
3127,0.05897708609700203
3128,0.18798047304153442
3129,0.058682795614004135
3130,0.5955011248588562
3131,0.5857613682746887
3132,0.6850315928459167
3133,0.06207781657576561
3134,0.04346304014325142
3135,0.19575528800487518
3136,0.43324118852615356
3137,0.17615830898284912
3138,0.06556597352027893
3139,0.20868894457817078
3140,0.2297404259443283
3141,0.13442416489124298
3142,0.21865148842334747
3143,0.9072840809822083
3144,0.9579977989196777
3145,0.04849391058087349
3146,0.0604039803147316
3147,0.0450645312666893
3148,0.048335280269384384
3149,0.8603734970092773
3150,0.22092752158641815
3151,0.5240118503570557
3152,0.05905049666762352
3153,0.04880232363939285
3154,0.9268741607666016
3155,0.03757929801940918
3156,0.17033441364765167
3157,0.048035211861133575
3158,0.04887068644165993
3159,0.1300175040960312
3160,0.12936799228191376
3161,0.2573099136352539
3162,0.04895628243684769
3163,0.04548420011997223
3164,0.17191582918167114
3165,0.7258738875389099
3166,0.09935300797224045
3167,0.1041194349527359
3168,0.25155121088027954
3169,0.05262128263711929
3170,0.062049925327301025
3171,0.2934669256210327
3172,0.9226933717727661
3173,0.05128691717982292
3174,0.07476004958152771
3175,0.2007165104150772
3176,0.8171548843383789
3177,0.09174574166536331
3178,0.3299143612384796
3179,0.043841227889060974
3180,0.956379234790802
3181,0.1045374721288681
3182,0.21316882967948914
3183,0.04463963210582733
3184,0.1358736902475357
3185,0.04599525034427643
3186,0.05699983239173889
3187,0.4896741509437561
3188,0.0910603329539299
3189,0.06287097185850143
3190,0.664838969707489
3191,0.0600569024682045
3192,0.6539236307144165
3193,0.09492088109254837
3194,0.5663474202156067
3195,0.9625346660614014
3196,0.3224004805088043
3197,0.3500717878341675
3198,0.06633806228637695
3199,0.054429057985544205
3200,0.08267265558242798
3201,0.046332843601703644
3202,0.801520049571991
3203,0.9609574675559998
3204,0.42090263962745667
3205,0.16724270582199097
3206,0.9516061544418335
3207,0.8660352826118469
3208,0.09013019502162933
3209,0.5483892560005188
3210,0.9580339789390564
3211,0.6552822589874268
3212,0.044076547026634216
3213,0.8090890645980835
3214,0.4687642753124237
3215,0.21544389426708221
3216,0.11083919554948807
3217,0.3403104245662689
3218,0.843072772026062
3219,0.9561600089073181
3220,0.960167407989502
3221,0.03972737863659859
3222,0.10100134462118149
3223,0.06709025800228119
3224,0.8250725269317627
3225,0.6230742335319519
3226,0.8292145729064941
3227,0.04795461893081665
3228,0.9402666687965393
3229,0.1945408284664154
3230,0.1727670580148697
3231,0.9636399149894714
3232,0.9621210098266602
3233,0.04709836095571518
3234,0.04613802209496498
3235,0.1011170744895935
3236,0.5865556597709656
3237,0.13736140727996826
3238,0.1391548216342926
3239,0.4101216197013855
3240,0.9393154978752136
3241,0.0546213835477829
3242,0.8595162034034729
3243,0.9441552758216858
3244,0.05595742538571358
3245,0.6566019058227539
3246,0.04790893569588661
3247,0.12516199052333832
3248,0.9003974795341492
3249,0.36391520500183105
3250,0.0524434857070446
3251,0.9629172682762146
3252,0.05863918736577034
3253,0.04591527581214905
3254,0.9674997329711914
3255,0.9648277163505554
3256,0.04788762703537941
3257,0.04862639680504799
3258,0.23246748745441437
3259,0.9672990441322327
3260,0.8353701233863831
3261,0.10204507410526276
3262,0.07442459464073181
3263,0.678981363773346
3264,0.9702892899513245
3265,0.2181423008441925
3266,0.9675186276435852
3267,0.27832338213920593
3268,0.8632594347000122
3269,0.807880699634552
3270,0.3937404453754425
3271,0.12523776292800903
3272,0.0728340893983841
3273,0.04160858318209648
3274,0.3726307451725006
3275,0.09161701798439026
3276,0.8017058372497559
3277,0.04900206997990608
3278,0.08560045808553696
3279,0.12392932921648026
3280,0.05408352240920067
3281,0.9411775469779968
3282,0.872412919998169
3283,0.8697024583816528
3284,0.04812021180987358
3285,0.9025353193283081
3286,0.7082680463790894
3287,0.705839216709137
3288,0.05796929821372032
3289,0.043930936604738235
3290,0.9684873223304749
3291,0.8817276954650879
3292,0.09186938405036926
3293,0.1675722301006317
3294,0.727554976940155
3295,0.17781586945056915
3296,0.8503828048706055
3297,0.04964973405003548
3298,0.8041189908981323
3299,0.09967829287052155
3300,0.5993030667304993
3301,0.9282825589179993
3302,0.9588216543197632
3303,0.859116792678833
3304,0.1179354339838028
3305,0.959882915019989
3306,0.9718681573867798
3307,0.8501534461975098
3308,0.9707540273666382
3309,0.9701716899871826
3310,0.0971260517835617
3311,0.08312460035085678
3312,0.054626837372779846
3313,0.09266037493944168
3314,0.13233549892902374
3315,0.9574044942855835
3316,0.6679254174232483
3317,0.1242114007472992
3318,0.05197415128350258
3319,0.09005485475063324
3320,0.047685425728559494
3321,0.9065324664115906
3322,0.0987330749630928
3323,0.043770842254161835
3324,0.13070404529571533
3325,0.03845105320215225
3326,0.9594842791557312
3327,0.9608303308486938
3328,0.10644971579313278
3329,0.15488441288471222
3330,0.053430285304784775
3331,0.9155474901199341
3332,0.08224818110466003
3333,0.06279750168323517
3334,0.9609525203704834
3335,0.1556481570005417
3336,0.9712267518043518
3337,0.8086797595024109
3338,0.8102889657020569
3339,0.06636970490217209
3340,0.944911003112793
3341,0.6616464853286743
3342,0.43110817670822144
3343,0.8106569647789001
3344,0.058564744889736176
3345,0.21763063967227936
3346,0.8597334027290344
3347,0.8429621458053589
3348,0.9417276978492737
3349,0.810471773147583
3350,0.9679295420646667
3351,0.050972964614629745
3352,0.16337566077709198
3353,0.05659600347280502
3354,0.8307089805603027
3355,0.355529248714447
3356,0.05868528410792351
3357,0.0919220820069313
3358,0.06592540442943573
3359,0.0988040640950203
3360,0.8034834265708923
3361,0.08588212728500366
3362,0.1656322181224823
3363,0.041043154895305634
3364,0.04932509362697601
3365,0.9706238508224487
3366,0.24120377004146576
3367,0.8364297151565552
3368,0.9605324864387512
3369,0.9355949759483337
3370,0.827657163143158
3371,0.6438041925430298
3372,0.10791964828968048
3373,0.601179838180542
3374,0.8007889986038208
3375,0.5458770394325256
3376,0.07362477481365204
3377,0.10685485601425171
3378,0.06068475544452667
3379,0.49716728925704956
3380,0.04778264835476875
3381,0.9113994240760803
3382,0.28674495220184326
3383,0.8124222755432129
3384,0.9069494605064392
3385,0.9589137434959412
3386,0.045126333832740784
3387,0.04926656186580658
3388,0.8924362659454346
3389,0.7242023348808289
3390,0.07226809114217758
3391,0.6339054703712463
3392,0.6953007578849792
3393,0.8428655862808228
3394,0.9597651958465576
3395,0.9408540725708008
3396,0.050114382058382034
3397,0.9457169771194458
3398,0.21047894656658173
3399,0.9479179978370667
3400,0.862238347530365
3401,0.9667546153068542
3402,0.8954582214355469
3403,0.8410564064979553
3404,0.18459273874759674
3405,0.9297688603401184
3406,0.08147446066141129
3407,0.4369150400161743
3408,0.9357555508613586
3409,0.07343464344739914
3410,0.04989355430006981
3411,0.94241863489151
3412,0.961360514163971
3413,0.93682461977005
3414,0.12948980927467346
3415,0.8686304092407227
3416,0.7525383234024048
3417,0.42589887976646423
3418,0.6439792513847351
3419,0.1243659108877182
3420,0.9418111443519592
3421,0.08889671415090561
3422,0.1176433116197586
3423,0.9388977289199829
3424,0.03748532012104988
3425,0.3231382966041565
3426,0.42958536744117737
3427,0.045311152935028076
3428,0.0475301556289196
3429,0.08406265825033188
3430,0.0663861632347107
3431,0.5680986046791077
3432,0.4342162311077118
3433,0.15488441288471222
3434,0.04062604904174805
3435,0.9604089260101318
3436,0.16399402916431427
3437,0.09839097410440445
3438,0.17301496863365173
3439,0.07223121076822281
3440,0.5294263958930969
3441,0.053346339613199234
3442,0.09866391122341156
3443,0.08167634159326553
3444,0.11089710146188736
3445,0.06180160120129585
3446,0.23170128464698792
3447,0.04003088176250458
3448,0.06507599353790283
3449,0.15488441288471222
3450,0.9681838154792786
3451,0.9728705286979675
3452,0.25539618730545044
3453,0.9581208825111389
3454,0.05034509673714638
3455,0.9568196535110474
3456,0.13349831104278564
3457,0.9699854850769043
3458,0.9627581238746643
3459,0.5436450839042664
3460,0.15129034221172333
3461,0.9456116557121277
3462,0.15488441288471222
3463,0.4388843774795532
3464,0.2694337069988251
3465,0.21945716440677643
3466,0.9686708450317383
3467,0.044978462159633636
3468,0.9600637555122375
3469,0.8003666996955872
3470,0.15047182142734528
3471,0.12484517693519592
3472,0.10718327015638351
3473,0.0785617083311081
3474,0.06313936412334442
3475,0.06674883514642715
3476,0.9641803503036499
3477,0.9388659596443176
3478,0.0807487964630127
3479,0.9630625247955322
3480,0.9708285331726074
3481,0.08289996534585953
3482,0.9673161506652832
3483,0.09338859468698502
3484,0.06722992658615112
3485,0.12748154997825623
3486,0.1737736314535141
3487,0.40478676557540894
3488,0.6515091061592102
3489,0.5670982599258423
3490,0.03813211992383003
3491,0.0956801325082779
3492,0.10032892972230911
3493,0.8568917512893677
3494,0.05404308810830116
3495,0.9558679461479187
3496,0.5221319794654846
3497,0.708807110786438
3498,0.09556106477975845
3499,0.06481225043535233
3500,0.05129314959049225
3501,0.8556949496269226
3502,0.06427564471960068
3503,0.9409313201904297
3504,0.6564547419548035
3505,0.5376206040382385
3506,0.9682916402816772
3507,0.11287081986665726
3508,0.051016587764024734
3509,0.9093400239944458
3510,0.8431022763252258
3511,0.14381416141986847
3512,0.09533879160881042
3513,0.1735765039920807
3514,0.049492523074150085
3515,0.067270427942276
3516,0.8410564064979553
3517,0.7558553814888
3518,0.6396239399909973
3519,0.06766453385353088
3520,0.13081993162631989
3521,0.6496239304542542
3522,0.06948880106210709
3523,0.32915177941322327
3524,0.17287009954452515
3525,0.9289759993553162
3526,0.815430223941803
3527,0.19578418135643005
3528,0.7704401016235352
3529,0.05268246680498123
3530,0.2280133068561554
3531,0.10125450044870377
3532,0.07035066187381744
3533,0.04206211864948273
3534,0.04777515307068825
3535,0.8607738018035889
3536,0.06752334535121918
3537,0.06246502324938774
3538,0.21629391610622406
3539,0.8611088395118713
3540,0.049087125808000565
3541,0.054058514535427094
3542,0.04507946968078613
3543,0.048042166978120804
3544,0.0411304272711277
3545,0.09279578179121017
3546,0.2661692202091217
3547,0.047454122453927994
3548,0.04148617759346962
3549,0.8027191758155823
3550,0.9216161370277405
3551,0.27014681696891785
3552,0.580217182636261
3553,0.11782290041446686
3554,0.037984538823366165
3555,0.21629391610622406
3556,0.9667831063270569
3557,0.1491485983133316
3558,0.958965003490448
3559,0.5529035925865173
3560,0.725203275680542
3561,0.9629740118980408
3562,0.16999943554401398
3563,0.6414995789527893
3564,0.8356026411056519
3565,0.942470133304596
3566,0.9250118732452393
3567,0.9665762782096863
3568,0.10852581262588501
3569,0.8644879460334778
3570,0.499235063791275
3571,0.050677165389060974
3572,0.8444856405258179
3573,0.8091888427734375
3574,0.848163902759552
3575,0.7681026458740234
3576,0.03592044487595558
3577,0.08555670082569122
3578,0.971810519695282
3579,0.38724285364151
3580,0.9409170746803284
3581,0.9492053389549255
3582,0.9273215532302856
3583,0.4346238970756531
3584,0.08957266807556152
3585,0.043223269283771515
3586,0.7843363285064697
3587,0.8018865585327148
3588,0.9418309926986694
3589,0.4326082468032837
3590,0.9135921001434326
3591,0.22915033996105194
3592,0.1665841042995453
3593,0.11087430268526077
3594,0.6830523014068604
3595,0.36335957050323486
3596,0.9735292196273804
3597,0.44717592000961304
3598,0.08667854219675064
3599,0.12634524703025818
3600,0.15346883237361908
3601,0.9678680300712585
3602,0.05896543711423874
3603,0.9480897188186646
3604,0.4192847013473511
3605,0.2882876396179199
3606,0.1641462743282318
3607,0.35961592197418213
3608,0.1018030196428299
3609,0.05479241907596588
3610,0.05940119922161102
3611,0.6190974116325378
3612,0.7541689872741699
3613,0.832777202129364
3614,0.8644850254058838
3615,0.04110885411500931
3616,0.04887658357620239
3617,0.8614957332611084
3618,0.2439318597316742
3619,0.5718097686767578
3620,0.11976851522922516
3621,0.03999045863747597
3622,0.8123318552970886
3623,0.08785046637058258
3624,0.05663146823644638
3625,0.07293731719255447
3626,0.09257441759109497
3627,0.04735758900642395
3628,0.9676410555839539
3629,0.07915721833705902
3630,0.9676034450531006
3631,0.48805737495422363
3632,0.9575908780097961
3633,0.22929878532886505
3634,0.16405729949474335
3635,0.9111160635948181
3636,0.09778636693954468
3637,0.888009250164032
3638,0.2042112946510315
3639,0.22931618988513947
3640,0.9681909680366516
3641,0.80611652135849
3642,0.8921241760253906
3643,0.09227359294891357
3644,0.8076499700546265
3645,0.16793708503246307
3646,0.057784631848335266
3647,0.052406806498765945
3648,0.31072765588760376
3649,0.16876386106014252
3650,0.9626834392547607
3651,0.17596645653247833
3652,0.8700534105300903
3653,0.7691760659217834
3654,0.1224222406744957
3655,0.05140699818730354
3656,0.9606679081916809
3657,0.3477073311805725
3658,0.16189220547676086
3659,0.37295663356781006
3660,0.04767383262515068
3661,0.14539480209350586
3662,0.9067277312278748
3663,0.16824309527873993
3664,0.8161921501159668
3665,0.06295377761125565
3666,0.9639483094215393
3667,0.16096548736095428
3668,0.06303850561380386
3669,0.19488897919654846
3670,0.5693756341934204
3671,0.44985803961753845
3672,0.43287211656570435
3673,0.9686071872711182
3674,0.2562474012374878
3675,0.15488441288471222
3676,0.09326823055744171
3677,0.9655559062957764
3678,0.6734935641288757
3679,0.10852581262588501
3680,0.22915033996105194
3681,0.12219566106796265
3682,0.9326063990592957
3683,0.28662124276161194
3684,0.05077974870800972
3685,0.29822587966918945
3686,0.1681000292301178
3687,0.2420719712972641
3688,0.2190275490283966
3689,0.04559994116425514
3690,0.9408211708068848
3691,0.28198081254959106
3692,0.5639167428016663
3693,0.042244020849466324
3694,0.03687296435236931
3695,0.20629572868347168
3696,0.15488441288471222
3697,0.8816171288490295
3698,0.07256058603525162
3699,0.17087122797966003
3700,0.6194495558738708
3701,0.045698925852775574
3702,0.15488441288471222
3703,0.960076093673706
3704,0.3497503399848938
3705,0.21357662975788116
3706,0.10441922396421432
3707,0.10369808971881866
3708,0.06589823216199875
3709,0.15488441288471222
3710,0.17972727119922638
3711,0.9602599143981934
3712,0.6014700531959534
3713,0.06420637667179108
3714,0.16958415508270264
3715,0.13644494116306305
3716,0.06386122107505798
3717,0.9210724830627441
3718,0.19100575149059296
3719,0.040735919028520584
3720,0.7511506080627441
3721,0.18226225674152374
3722,0.24460794031620026
3723,0.12954677641391754
3724,0.9337969422340393
3725,0.060918621718883514
3726,0.9071211218833923
3727,0.044708844274282455
3728,0.9480328559875488
3729,0.8601252436637878
3730,0.05084678903222084
3731,0.05624879524111748
3732,0.04747509956359863
3733,0.05559856817126274
3734,0.9354515075683594
3735,0.10560376197099686
3736,0.22397778928279877
3737,0.9364439845085144
3738,0.1288536936044693
3739,0.8079120516777039
3740,0.10972284525632858
3741,0.06550276279449463
3742,0.0640946626663208
3743,0.03523269295692444
3744,0.9217731952667236
3745,0.4164832830429077
3746,0.07592136412858963
3747,0.049522433429956436
3748,0.13589835166931152
3749,0.08974508196115494
3750,0.05333540588617325
3751,0.15285301208496094
3752,0.9141108393669128
3753,0.15488441288471222
3754,0.03880341351032257
3755,0.9142280220985413
3756,0.9475935697555542
3757,0.11139839887619019
3758,0.08430470526218414
3759,0.8004007935523987
3760,0.26176196336746216
3761,0.9564120769500732
3762,0.3708682954311371
3763,0.8661869168281555
3764,0.09774009883403778
3765,0.9555837512016296
3766,0.9634575247764587
3767,0.09520182013511658
3768,0.9108777046203613
3769,0.08346148580312729
3770,0.3711060881614685
3771,0.15488441288471222
3772,0.05691048875451088
3773,0.21009472012519836
3774,0.3219470679759979
3775,0.9254959225654602
3776,0.7447652220726013
3777,0.15177491307258606
3778,0.8672646880149841
3779,0.8448405861854553
3780,0.814914882183075
3781,0.038384582847356796
3782,0.04955536499619484
3783,0.3427475094795227
3784,0.05181446298956871
3785,0.06560913473367691
3786,0.4268987476825714
3787,0.03603734076023102
3788,0.929037868976593
3789,0.11026686429977417
3790,0.043217264115810394
3791,0.5521592497825623
3792,0.23381903767585754
3793,0.2280537337064743
3794,0.055701110512018204
3795,0.07035761326551437
3796,0.05621544271707535
3797,0.949081301689148
3798,0.270145982503891
3799,0.1588706076145172
3800,0.35458317399024963
3801,0.35157859325408936
3802,0.5234784483909607
3803,0.8249829411506653
3804,0.5945852398872375
3805,0.942409336566925
3806,0.0378166101872921
3807,0.09668771922588348
3808,0.05666343495249748
3809,0.12134012579917908
3810,0.039495885372161865
3811,0.04882163926959038
3812,0.06518617272377014
3813,0.44258877635002136
3814,0.10553693026304245
3815,0.047560885548591614
3816,0.20766833424568176
3817,0.4318411648273468
3818,0.0970224067568779
3819,0.06406831741333008
3820,0.4776824414730072
3821,0.9075849652290344
3822,0.09633156657218933
3823,0.9704115390777588
3824,0.8603835701942444
3825,0.03839486464858055
3826,0.9622052311897278
3827,0.3756134510040283
3828,0.06397314369678497
3829,0.13186821341514587
3830,0.04339432343840599
3831,0.9707122445106506
3832,0.05556958168745041
3833,0.059350449591875076
3834,0.9610170125961304
3835,0.05374795198440552
3836,0.04274054989218712
3837,0.21066047251224518
3838,0.4795769155025482
3839,0.1242114007472992
3840,0.36965110898017883
3841,0.12216716259717941
3842,0.1670580804347992
3843,0.06988774985074997
3844,0.9706653952598572
3845,0.49424228072166443
3846,0.14522221684455872
3847,0.0531606450676918
3848,0.18652403354644775
3849,0.9039191007614136
3850,0.1944330930709839
3851,0.843343198299408
3852,0.5241308212280273
3853,0.052284348756074905
3854,0.05278864502906799
3855,0.1449570506811142
3856,0.13407541811466217
3857,0.0606519840657711
3858,0.11138054728507996
3859,0.5317602157592773
3860,0.9316636323928833
3861,0.9707339406013489
3862,0.8477644324302673
3863,0.11960946768522263
3864,0.7975026369094849
3865,0.6626070737838745
3866,0.06094586104154587
3867,0.6969038248062134
3868,0.11784941703081131
3869,0.9327227473258972
3870,0.09154650568962097
3871,0.2834058403968811
